id;Αρ. Ερώτησης;Περιγραφή;Cat1Id;Κατηγοριά 1;Cat2Id;Κατηγοριά 2;Cat3Id;Κατηγοριά 3;Holland 1;Holland 2;Επ. Πεδίο 1;Επ. Πεδίο 2;Επ. Πεδίο 3;Επ. Πεδίο 4
1;1;Να εξετάσεις έναν άρρωστο και να παράσχεις τις πρώτες βοήθειες;16;Ιατρικές Επιστήμες - Επιστήμες Υγείας;0;-;0;-;4;0;3;0;0;0
2;2;Να εξετάσεις έναν ασθενή και να διαγνώσεις από τι πάσχει;16;Ιατρικές Επιστήμες - Επιστήμες Υγείας;0;-;0;-;4;0;3;0;0;0
3;3;Να συμμετέχεις στην εγχείριση ενός ασθενή;16;Ιατρικές Επιστήμες - Επιστήμες Υγείας;0;-;0;-;4;2;3;0;0;0
4;4;Να κάνεις μια μικροβιολογική εξέταση;16;Ιατρικές Επιστήμες - Επιστήμες Υγείας;0;-;0;-;4;0;3;0;0;0
5;5;Να βοηθήσεις έναν άνθρωπο που αντιμετωπίζει ένα σοβαρό πρόβλημα υγείας;16;Ιατρικές Επιστήμες - Επιστήμες Υγείας;0;-;0;-;4;0;3;0;0;0
6;6;Να παρακολουθήσεις μια σοβαρή εγχείριση;16;Ιατρικές Επιστήμες - Επιστήμες Υγείας;0;-;0;-;4;0;3;0;0;0
7;7;Να φροντίσεις ένα τραυματισμένο ή άρρωστο ζώο;16;Ιατρικές Επιστήμες - Επιστήμες Υγείας;0;-;0;-;4;0;3;0;0;0
8;8;Να διαγνώσεις την ασθένεια που προσέβαλε ένα ζώο;16;Ιατρικές Επιστήμες - Επιστήμες Υγείας;0;-;0;-;4;0;3;0;0;0
9;9;Να παρακολουθήσεις πως γίνεται ο καθαρισμός των δοντιών ενός ατόμου;16;Ιατρικές Επιστήμες - Επιστήμες Υγείας;0;-;0;-;4;0;3;0;0;0
10;10;Να φροντίσεις τα δόντια ενός ανθρώπου;16;Ιατρικές Επιστήμες - Επιστήμες Υγείας;0;-;0;-;4;0;3;0;0;0
11;11;Να βοηθήσεις έναν οδοντίατρο να κάνει μια χειρουργική επεμβαση στα δόντια;16;Ιατρικές Επιστήμες - Επιστήμες Υγείας;0;-;0;-;4;1;3;0;0;0
12;12;Να κάνεις ενέσεις και να αλλάζεις επιδέσμους σε ασθενείς;37;Υγειονομική Μέριμνα - Περίθαλψη;0;-;0;-;4;0;3;0;0;0
13;13;Να δίνεις τα φάρμακα που πρέπει να πάρουν οι ασθενείς σε ένα νοσοκομείο;37;Υγειονομική Μέριμνα - Περίθαλψη;0;-;0;-;4;0;3;0;0;0
14;14;Να περιποιηθείς έναν άρρωστο;37;Υγειονομική Μέριμνα - Περίθαλψη;0;-;0;-;4;0;3;0;0;0
15;15;Να βοηθήσεις ένα γιατρό να εξετάσει έναν ασθενή;37;Υγειονομική Μέριμνα - Περίθαλψη;0;-;0;-;4;0;3;0;0;0
16;16;Να εκτελείς τις ιατρικές συνταγές σε ένα φαρμακείο;37;Υγειονομική Μέριμνα - Περίθαλψη;0;-;0;-;4;0;3;0;0;0
17;17;Να συμμετέχεις στην παρασκευή ενός νέου φαρμάκου;37;Υγειονομική Μέριμνα - Περίθαλψη;0;-;0;-;2;0;3;0;0;0
18;18;Να δουλεύεις σε ένα φαρμακείο;37;Υγειονομική Μέριμνα - Περίθαλψη;0;-;0;-;4;2;3;0;0;0
19;19;Να καταρτίσεις το διατροφικό πρόγραμμα των ασθενών ενός νοσοκομείου;37;Υγειονομική Μέριμνα - Περίθαλψη;41;Χημεία;0;-;4;0;3;0;0;0
20;20;Να συμβουλεύεις ανθρώπους για το πως να τρέφονται πιο υγιεινά;37;Υγειονομική Μέριμνα - Περίθαλψη;41;Χημεία;0;-;4;0;3;0;0;0
21;21;Να ενημερώσεις τους μαθητές ενός σχολείου για τη διατροφική αξία των λαχανικών και φρούτων;37;Υγειονομική Μέριμνα - Περίθαλψη;41;Χημεία;0;-;4;0;3;0;0;0
22;22;Να βοηθήσεις έναν υπέρβαρο άτομο να χάσει κιλά ακολουθώντας την κατάλληλη δίαιτα;37;Υγειονομική Μέριμνα - Περίθαλψη;41;Χημεία;0;-;4;0;3;0;0;0
23;23;Να εργάζεσαι σε ένα ινστιτούτο αισθητικής;37;Υγειονομική Μέριμνα - Περίθαλψη;0;-;0;-;3;0;3;0;0;0
24;24;Να επιμεληθείς το μακιγιάζ των ηθοποιών σε μια ταινία;37;Υγειονομική Μέριμνα - Περίθαλψη;0;-;0;-;3;0;3;0;0;0
25;25;Να κάνεις τον υγιειονομικό έλεγχο σε ένα νοσοκομείο;37;Υγειονομική Μέριμνα - Περίθαλψη;0;-;0;-;4;0;3;0;0;0
26;26;Να σχεδιάσεις ένα προγραμμα φροντίδας ηλικιωμένων στο σπίτι;37;Υγειονομική Μέριμνα - Περίθαλψη;0;-;0;-;4;0;3;0;0;0
27;27;Να βοηθήσεις έναν ανάπηρο άνθρωπο να βελτιώσει τις σωματικές του δεξιότητες;37;Υγειονομική Μέριμνα - Περίθαλψη;10;Ειδική Αγωγή;0;-;4;0;3;0;0;0
28;28;Να εργάζεσαι σε ένα μικροβιολογικό εργαστήριο;37;Υγειονομική Μέριμνα - Περίθαλψη;0;-;0;-;2;0;3;0;0;0
29;29;Να βοηθήσεις ένα μικρό παιδί να αρθρώσει σωστά τις λέξεις;37;Υγειονομική Μέριμνα - Περίθαλψη;10;Ειδική Αγωγή;0;-;4;0;3;0;0;0
30;30;Να βοηθήσεις ένα άτομο να προφέρει πιο καθαρά τις λέξεις;37;Υγειονομική Μέριμνα - Περίθαλψη;10;Ειδική Αγωγή;0;-;4;0;3;0;0;0
31;31;Να βοηθήσεις μια έγκυο γυναίκα στη διαδικασία του τοκετού;37;Υγειονομική Μέριμνα - Περίθαλψη;0;-;0;-;4;0;3;0;0;0
32;32;Να κατασκευάσεις ένα ορθοδοντικό μηχάνημα;37;Υγειονομική Μέριμνα - Περίθαλψη;0;-;0;-;1;0;3;0;0;0
33;33;Να μετράς την όραση ενός ατόμου;37;Υγειονομική Μέριμνα - Περίθαλψη;0;-;0;-;4;0;3;0;0;0
34;34;Να χειρίζεσαι ένα ακτινολογικό μηχάνημα;37;Υγειονομική Μέριμνα - Περίθαλψη;0;-;0;-;1;0;3;0;0;0
35;35;Να βοηθήσεις έναν αθλητή να αντιμετωπίσει ένα μυικό πόνο χρησιμοποιώντας τα χέρια σου;37;Υγειονομική Μέριμνα - Περίθαλψη;0;-;0;-;4;1;3;0;0;0
36;36;Να θεραπεύσεις έναν ασθενή με πρόβλημα στην μέση του;37;Υγειονομική Μέριμνα - Περίθαλψη;0;-;0;-;4;1;3;0;0;0
37;37;Να μελετάς και να αναλύεις την πολιτική κατάσταση της χώρας;30;Νομικές και Πολιτικές Επιστήμες;0;-;0;-;2;0;1;0;0;0
38;38;Να επιβλέπεις τη λειτουργία μιας δημόσιας υπηρεσίας;30;Νομικές και Πολιτικές Επιστήμες;0;-;0;-;6;0;1;0;0;0
39;39;Να αξιολογείς το βαθμό που μία δημόσια υπηρεσία λειτουργεί αποτελεσματικά;30;Νομικές και Πολιτικές Επιστήμες;0;-;0;-;6;0;1;0;0;0
40;40;Να αναλάβεις την υπεράσπιση ενός κατηγορούμενου στο δικαστήριο;30;Νομικές και Πολιτικές Επιστήμες;0;-;0;-;4;2;1;0;0;0
41;41;Να εργάζεσαι σε ένα δικηγορικό γραφείο;30;Νομικές και Πολιτικές Επιστήμες;0;-;0;-;2;4;1;0;0;0
42;42;Να συντάξεις ένα συμβολαιογραφικό έγγραφο;30;Νομικές και Πολιτικές Επιστήμες;0;-;0;-;2;6;1;0;0;0
43;43;Να αναλάβεις την εξέταση ενός μάρτυρα σε μια δίκη;30;Νομικές και Πολιτικές Επιστήμες;0;-;0;-;2;4;1;0;0;0
44;44;Να υπερασπιστείς στο δικαστήριο έναν εγκληματία;30;Νομικές και Πολιτικές Επιστήμες;0;-;0;-;2;4;1;0;0;0
45;45;Να βοηθήσεις στη σύνταξη ενός συμβολαίου για την αγοροπωλησία ενος ακινήτου;30;Νομικές και Πολιτικές Επιστήμες;0;-;0;-;2;4;1;0;0;0
46;46;Να μελετάς το αποτέλεσμα από την ένωση δύο χημικών στοιχείων σε ένα εργαστήριο;41;Χημεία;0;-;0;-;2;0;2;0;0;0
47;47;Να γνωρίσεις περισσότερα για τη μοριακή δομή των οργανισμών;41;Χημεία;0;-;0;-;2;0;2;0;0;0
48;48;Να μελετάς τη σύσταση μιας πρώτης ύλης πχ του γυαλιού για την παρασκευή ενός προϊόντος;41;Χημεία;0;-;0;-;2;1;2;0;0;0
49;49;Να μελετάς τις χημικές και φυσικές ιδιότητες της ύλης;41;Χημεία;0;-;0;-;2;0;2;0;0;0
50;50;Να ελέγχεις σε ένα εργαστήριο εάν κάποια τρόφιμα είναι ασφαλή για κατανάλωση από τους ανθρώπους πχ δεν έχουν υπολείμματα φαρμάκων, παράσι...;41;Χημεία;0;-;0;-;2;0;2;3;0;0
51;51;Να σχεδιάζεις και να ελέγχεις την ποιότητα διαφόρων υλικών;41;Χημεία;0;-;0;-;2;1;2;0;0;0
52;52;Να φτιάξεις ένα ύλικο που θα μπορεί να τοποθετηθεί με αφάλεια στον ανθρώπινο οργανισμό πχ ράμματα, φακοί επαφής κ.α.;41;Χημεία;0;-;0;-;2;1;2;0;0;0
53;53;Να φτιάξεις το υλικό από το οποίο θα γίνει μία μπαταρία;41;Χημεία;0;-;0;-;2;1;2;0;0;0
54;54;Να σχεδιάσεις ένα καλώδιο οπτικών ινών που θα χρησιμοποιηθεί στις τηλεπικοινωνίες;41;Χημεία;0;-;0;-;2;1;2;0;0;0
55;55;Να επεξεργάζεσαι και να μελετάς τις ιδιότητες που έχει ένα υλικό πχ το αλουμίνιο, χάλυβας κ.α. μέσα σε ένα εργαστήριο;41;Χημεία;0;-;0;-;2;1;2;0;0;0
56;56;Να ελέγχεις την ποιότητα ενός μετάλλου που μπορεί να χρησιμοποιηθεί για την κατασκευή ενός ιατρικού εργαλείου πχ στηθοσκοπίου;41;Χημεία;0;-;0;-;1;2;2;0;0;0
57;57;Να μελετάς τη δομή και τη λειτουργία της γενετικής πληροφορίας DNA;3;Βιοεπιστήμες;0;-;0;-;2;0;3;0;0;0
58;58;Να ενημερώνεσαι για τις εξελίξεις στον τομέα της εξωσωματικής γονιμοποίησης;3;Βιοεπιστήμες;0;-;0;-;2;0;3;0;0;0
59;59;Να ελέγχεις την ποιότητα τροφίμων και φαρμάκων;3;Βιοεπιστήμες;0;-;0;-;2;0;2;3;0;0
60;60;Να μελετάς τη λειτουγία των έμβιων οργανισμών;3;Βιοεπιστήμες;0;-;0;-;2;0;2;3;0;0
61;61;Να μελετάς τα γνωρίσματα των οργανισμών και πως αλληλεπιδρούν με το περιβάλλον;3;Βιοεπιστήμες;0;-;0;-;2;0;2;3;0;0
62;62;Να εργάζεσαι σε ένα ερευνητικό εργαστήριο;3;Βιοεπιστήμες;0;-;0;-;2;0;2;3;0;0
63;63;Να κατασκευασεις δίκτυα και συστήματα ηλεκτρικής ενέργειας;14;Ηλεκτρολογία - Ηλεκτρονική ;34;Πληροφορική;0;-;1;0;2;0;0;0
64;64;Να επιδιορθώσεις ένα χαλασμένο ηλεκτρονικό υπολογιστή;14;Ηλεκτρολογία - Ηλεκτρονική ;34;Πληροφορική;0;-;1;0;2;0;0;0
65;65;Να σχεδιάσεις το λογισμικό ενός προγράμματος στον υπολογιστή;14;Ηλεκτρολογία - Ηλεκτρονική ;34;Πληροφορική;0;-;1;0;2;0;0;0
66;66;Να σχεδιάσεις ένα πρόγραμμα στον υπολογιστή;14;Ηλεκτρολογία - Ηλεκτρονική ;34;Πληροφορική;0;-;1;0;2;0;0;0
67;67;Να κάνεις μαθήματα ηλεκτρολογίας και ηλεκτρονικής;14;Ηλεκτρολογία - Ηλεκτρονική ;32;Παιδαγωγικά;0;-;1;4;2;0;0;0
68;68;Να διδάσκεις τα μαθήματα ηλεκτρολογίας και μηχανολογίας;14;Ηλεκτρολογία - Ηλεκτρονική ;32;Παιδαγωγικά;0;-;1;4;2;0;0;0
69;69;Να αναλάβεις την εγκατάσταση και συντήρηση ενός ηλεκτρολογικού συστήματος;14;Ηλεκτρολογία - Ηλεκτρονική ;0;-;0;-;1;0;2;0;0;0
70;70;Να επιδιορθώσεις μια χαλασμένη πρίζα;14;Ηλεκτρολογία - Ηλεκτρονική ;0;-;0;-;1;0;2;0;0;0
71;71;Να τοποθετήσεις τις γραμμές του τηλεφωνικού δικτύου σε ένα κτίριο;14;Ηλεκτρολογία - Ηλεκτρονική ;0;-;0;-;1;0;2;0;0;0
72;72;Να αναλάβεις την καλωδίωση και τη σύνδεση των κυκλωμάτων καλωδίων σε μια νέα οικοδομή;14;Ηλεκτρολογία - Ηλεκτρονική ;0;-;0;-;1;0;2;0;0;0
73;73;Να ελέγξεις τη λειτουργία ενός θερμοσίφωνα;14;Ηλεκτρολογία - Ηλεκτρονική ;34;Πληροφορική;0;-;1;0;2;0;0;0
74;74;Να κατασκευάσεις ένα ιατρικό μηχάνημα;14;Ηλεκτρολογία - Ηλεκτρονική ;29;Μηχανολογία;0;-;1;0;2;0;0;0
75;75;Να ελέγχεις τα λογιστικά θέματα μιας ναυτιλιακής εταιρείας;1;Logistics - Ναυτιλία;0;-;0;-;6;5;5;0;0;0
76;76;Να αναλάβεις τη ναύλωση ενός πλοίου για την μεταφορά ενός φορτίου;1;Logistics - Ναυτιλία;0;-;0;-;5;0;5;0;0;0
77;77;Να εργάζεσαι σε μια ναυτιλιακή εταιρεία;1;Logistics - Ναυτιλία;0;-;0;-;5;0;5;0;0;0
78;78;Να εργάζεσαι σε μια εταιρεία μεταφορών;1;Logistics - Ναυτιλία;0;-;0;-;5;0;5;0;0;0
79;79;Να αναλάβεις τη συσκευασία και μεταφορά προϊόντων;1;Logistics - Ναυτιλία;0;-;0;-;5;0;5;0;0;0
80;80;Να αναλάβεις τη σχεδίαση και λειτουργία μιας αποθήκης υλικών;1;Logistics - Ναυτιλία;0;-;0;-;5;0;5;0;0;0
81;81;Να είσαι υπεύθυνος για τον προγραμματισμό και έλεγχο της τροφοδοσίας ενός εστιατορίου;1;Logistics - Ναυτιλία;0;-;0;-;5;0;5;0;0;0
82;82;Να οργανώνεις εκδρομές στο εξωτερικό;35;Τουριστικά;0;-;0;-;4;0;5;0;0;0
83;83;Να βοηθήσεις στην οργάνωση ενός συνεδρίου;35;Τουριστικά;0;-;0;-;5;4;5;0;0;0
84;84;Να αναλάβεις την τροφοδοσία μιας εκδήλωσης;35;Τουριστικά;0;-;0;-;5;0;5;0;0;0
85;85;Να παραλάβεις μια ομάδα τουριστών από το αεροδρόμιο;35;Τουριστικά;0;-;0;-;4;0;5;0;0;0
86;86;Να ξεναγήσεις τους τουρίστες σε ένα αρχαιολογικό τόπο;35;Τουριστικά;0;-;0;-;4;2;5;0;0;0
87;87;Να αναλάβεις την περιήγηση τουριστών σε ένα ιστορικό τόπο;35;Τουριστικά;0;-;0;-;4;2;5;0;0;0
88;88;Να αναλάβεις την κράτηση εισιτηρίων και δωματίων για λογαριασμό τρίτων;35;Τουριστικά;0;-;0;-;4;0;5;1;0;0
89;89;Να υποδέχεσαι τους πελάτες ενός ξενοδοχείου;35;Τουριστικά;0;-;0;-;4;0;5;1;0;0
90;90;Να μεσολαβήσεις για την ενοικίαση ενός αυτοκινήτου σε τουρίστες;35;Τουριστικά;0;-;0;-;5;4;5;1;0;0
91;91;Να παρέχεις πληροφορίες για τα δρομολόγια των τρένων και αεροπλάνων;35;Τουριστικά;0;-;0;-;4;0;5;1;0;0
92;92;Να εργάζεσαι σε ένα λογιστικό γραφείο;25;Λογιστική - Χρηματοοικονομική ;0;-;0;-;6;5;5;0;0;0
93;93;Να αγοράζεις και να πουλάς μετοχές για λογαριασμό τρίτων;25;Λογιστική - Χρηματοοικονομική ;0;-;0;-;5;0;5;0;0;0
94;94;Να εξυπηρετείς τους πελάτες σε μια τράπεζα;25;Λογιστική - Χρηματοοικονομική ;0;-;0;-;5;0;5;0;0;0
95;95;Να ενημερώνεις τα λογιστικά βιβλία μιας εταιρείας;25;Λογιστική - Χρηματοοικονομική ;0;-;0;-;6;5;5;0;0;0
96;96;Να συμπληρώνεις και να ελέγχεις τις φορολογικές δηλώσεις;25;Λογιστική - Χρηματοοικονομική ;0;-;0;-;6;5;5;0;0;0
97;97;Να αναλάβεις τη λογιστική οργάνωση μια επιχείρησης;25;Λογιστική - Χρηματοοικονομική ;0;-;0;-;6;0;5;0;0;0
98;98;Να  καταγράψεις τα έσοδα και τα έξοδα μιας εταιρείας;25;Λογιστική - Χρηματοοικονομική ;0;-;0;-;6;0;5;0;0;0
99;99;Να αναλύεις τα αποτελέσματα μιας έρευνας αγοράς ενός προϊοντος;31;Οικονομικά;28;Μαθηματικές Επιστήμες;0;-;5;2;5;0;0;0
100;100;Να εργάζεσαι σε μια ασφαλιστική εταιρεία;31;Οικονομικά;28;Μαθηματικές Επιστήμες;0;-;5;2;5;0;0;0
101;101;Να εργάζεσαι σε μια εταιρεία δημοσκοπήσεων;31;Οικονομικά;28;Μαθηματικές Επιστήμες;0;-;5;2;5;0;0;0
102;102;Να διδάσκεις το μάθημα οικιακής οικονομίας σε ένα σχολείο;31;Οικονομικά;0;-;0;-;6;0;5;0;0;0
103;103;Να ελέγχεις τα οικονομικά ενός δήμου;31;Οικονομικά;0;-;0;-;5;0;5;0;0;0
104;104;Να αναλάβεις την υλοποίηση ενός αναπτυξιακού προγράμματος;31;Οικονομικά;0;-;0;-;5;0;5;0;0;0
105;105;Να κοστολογείς ένα προϊον;31;Οικονομικά;0;-;0;-;5;0;5;0;0;0
106;106;Να ερευνάς τις τάσεις της οικονομικής αγοράς;31;Οικονομικά;0;-;0;-;5;2;5;0;0;0
107;107;Να αναζητάς την καλύτερη δυνατή οικονομική επένδυση;31;Οικονομικά;0;-;0;-;5;2;5;0;0;0
108;108;Να εκπονείς μελέτες σχετικά με τις οικονομικές μεταβλητές που επηρεάζουν τις εξελίξεις στην οικονομία;31;Οικονομικά;0;-;0;-;5;2;5;0;0;0
109;109;Να είσαι υπεύθυνος για τη σωστή λειτουργία μιας επιχείρησης;8;Διοίκηση Επιχειρήσεων - Ανθρωπίνων Πόρων ;31;Οικονομικά;0;-;5;0;5;0;0;0
110;110;Να βρίσκεις τρόπους να αυξήσεις τα κέρδη μιας επιχείρησης;8;Διοίκηση Επιχειρήσεων - Ανθρωπίνων Πόρων ;31;Οικονομικά;0;-;5;0;5;0;0;0
111;111;Να παρακολουθείς και να ελέγχεις την πορεία ενός έργου (έλεγχο κόστους, χρονοδιαγράμματος κα);8;Διοίκηση Επιχειρήσεων - Ανθρωπίνων Πόρων ;31;Οικονομικά;0;-;5;0;5;0;0;0
112;112;Να αύξησεις την αποδοτικότητα μιας επιχείρησης;8;Διοίκηση Επιχειρήσεων - Ανθρωπίνων Πόρων ;0;-;0;-;5;0;5;0;0;0
113;113;Να ενδιαφέρεσαι για την κερδοφορία μιας επιχείρησης;8;Διοίκηση Επιχειρήσεων - Ανθρωπίνων Πόρων ;0;-;0;-;5;0;5;0;0;0
114;114;Να έχεις μια δική σου επιχείρηση;8;Διοίκηση Επιχειρήσεων - Ανθρωπίνων Πόρων ;0;-;0;-;5;0;5;0;0;0
115;115;Να ασχολείσαι με το εμπόριο αγροτικών προιοντων;8;Διοίκηση Επιχειρήσεων - Ανθρωπίνων Πόρων ;31;Οικονομικά;0;-;5;0;5;0;0;0
116;116;Να σχεδιάσεις τη διαφήμιση ενός προϊόντος;8;Διοίκηση Επιχειρήσεων - Ανθρωπίνων Πόρων ;13;Επικοινωνία και Δημόσιες Σχέσεις;0;-;5;3;5;0;0;0
117;117;Να αναλάβεις την προώθηση ενός νέου προϊοντος στην αγορά;8;Διοίκηση Επιχειρήσεων - Ανθρωπίνων Πόρων ;13;Επικοινωνία και Δημόσιες Σχέσεις;0;-;5;4;5;0;0;0
118;118;Να αναλάβεις τη διοικητική οργάνωση μιας μεγάλης αθλητικής οργάνωσης;8;Διοίκηση Επιχειρήσεων - Ανθρωπίνων Πόρων ;31;Οικονομικά;0;-;5;0;5;0;0;0
119;119;Να συμμετέχεις στην οργάνωση αθλητικών εκδηλώσεων;8;Διοίκηση Επιχειρήσεων - Ανθρωπίνων Πόρων ;31;Οικονομικά;0;-;5;0;5;0;0;0
120;120;Να διεκπεραιώνεις τα οικονομικά θέματα ενός νοσοκομείου;8;Διοίκηση Επιχειρήσεων - Ανθρωπίνων Πόρων ;0;-;0;-;5;6;5;0;0;0
121;121;Να ελέγχεις την οργάνωση και λειτουργία μιας μονάδας υγείας;8;Διοίκηση Επιχειρήσεων - Ανθρωπίνων Πόρων ;0;-;0;-;5;6;5;0;0;0
122;122;Να ελέγχεις τον προυπολογισμό ενός έργου;8;Διοίκηση Επιχειρήσεων - Ανθρωπίνων Πόρων ;0;-;0;-;5;6;5;0;0;0
123;123;Να προωθήσεις ένα προϊον μέσω μιας ιστοσελίδας;8;Διοίκηση Επιχειρήσεων - Ανθρωπίνων Πόρων ;0;-;0;-;5;1;5;0;0;0
124;124;Να αξιολογείς και να σχεδιάζεις αναπτυξιακά προγράμματα που αφορούν στους δήμους;8;Διοίκηση Επιχειρήσεων - Ανθρωπίνων Πόρων ;0;-;0;-;5;6;5;0;0;0
125;125;Να ασχολείσαι καθημερινά με το διαδίκτυο;34;Πληροφορική;0;-;0;-;1;0;5;0;0;0
126;126;Να αναλάβεις τον σχεδιασμό μιας ιστοσελίδας;34;Πληροφορική;0;-;0;-;1;3;5;0;0;0
127;127;Να φτιάξεις ένα πρόγραμμα για την προστασία ιών σε υπολογιστές;34;Πληροφορική;0;-;0;-;1;0;5;0;0;0
128;128;Να συνδέσεις δύο υπολογιστές μεταξύ τους;34;Πληροφορική;0;-;0;-;1;0;5;0;0;0
129;129;Να αναλάβεις τον σχεδιασμό ενός προγράμματος υπολογιστών;34;Πληροφορική;0;-;0;-;1;0;5;0;0;0
130;130;Να ασχολείσαι με το ηλεκτρονικό εμπόριο;34;Πληροφορική;0;-;0;-;1;0;5;0;0;0
131;131;Να φτιάξεις ένα δίκτυο υπολογιστών;34;Πληροφορική;0;-;0;-;1;0;2;5;0;0
132;132;Να κατασκευάσεις εξειδικευμένα ηλεκτρονικά κυκλώματα;34;Πληροφορική;0;-;0;-;1;0;2;5;0;0
133;133;Να φτιάξεις μια βάση δεδομένων σε έναν υπολογιστή;34;Πληροφορική;0;-;0;-;1;0;2;5;0;0
134;134;Να παρακολουθείς σεμινάρια για τα προηγμένα τηλεπικοινωνιακά συστήματα (τηλεπληροφορική);34;Πληροφορική;0;-;0;-;1;0;5;0;0;0
135;135;Να επιλύεις προβλήματα στην επεξεργασία του σήματος σε μια εταιρεία κινητής τηλεφωνίας;34;Πληροφορική;0;-;0;-;1;0;5;0;0;0
136;136;Να ενημερώνεσαι για τις εξελίξεις στον τομέα της τηλειατρικής;34;Πληροφορική;0;-;0;-;1;0;2;3;0;0
137;137;Να φτιάξεις μια εφαρμογή στον υπολογιστή που θα χρησιμοποιηθεί σε ένα ιατρικό μηχάνημα;34;Πληροφορική;0;-;0;-;1;0;2;3;0;0
138;138;Να επιλύεις προβλήματα σε συστήματα επεξεργασίας σημάτων;34;Πληροφορική;0;-;0;-;1;0;5;0;0;0
139;139;Να σχεδιάσεις ένα πρόγραμμα στον υπολογιστή για την επεξεργασία εικόνας και ομιλίας;34;Πληροφορική;0;-;0;-;1;0;5;0;0;0
140;140;Να μελετάς ορυκτά και πετρώματα (πχ το σχηματισμό τους, τις ιδιότητές τους, τη σύστασή τους κ.α.);33;Περιβάλλον - Ενέργεια;0;-;0;-;1;2;2;0;0;0
141;141;Να προσπαθείς να ενοπίσεις  και να εξορύσσεις μεταλλεύματα και ορυκτά (πχ κοιτάσματα πετρελαίου, μεταλλεύματα, αέρια, ραδιενεργές πρώτες ύ...;33;Περιβάλλον - Ενέργεια;0;-;0;-;1;2;2;0;0;0
142;142;Να παρακολουθείς τη σεισμικότητα ενός γεωγραφικού χώρου;33;Περιβάλλον - Ενέργεια;0;-;0;-;1;2;2;0;0;0
143;143;Να κάνεις την χαρτογράφηση ενός τόπου;33;Περιβάλλον - Ενέργεια;0;-;0;-;1;0;2;0;0;0
144;144;Να σχεδιάζεις και να δημιουργείς χάρτες;33;Περιβάλλον - Ενέργεια;0;-;0;-;1;0;2;0;0;0
145;145;Να οργανώσεις και να υλοποιήσεις την αναδάσωση μιας περιοχής;33;Περιβάλλον - Ενέργεια;0;-;0;-;1;6;2;0;0;0
146;146;Να προτείνεις τρόπους προστασίας των λιμνών και των ποταμών;33;Περιβάλλον - Ενέργεια;0;-;0;-;2;1;2;0;0;0
147;147;Να βρίσκεις τρόπους προστασίας των ζώων και των φυτών που απειλούνται με εξαφάνιση;33;Περιβάλλον - Ενέργεια;0;-;0;-;1;2;2;0;0;0
148;148;Να προτείνεις μεθόδους για την συγκομιδή, χρήση και εμπορία του ξύλου που βγαίνει από τα δάση;33;Περιβάλλον - Ενέργεια;0;-;0;-;1;0;2;0;0;0
149;149;Να σχεδιάζεις και να φτιάχνεις έργα υποδομής σε ένα δάσος (πχ φράγματα, δρόμους, έργα για χειμάρους κ.α.);33;Περιβάλλον - Ενέργεια;0;-;0;-;1;0;2;0;0;0
150;150;Να είσαι υπεύθυνος της διαμόρφωσης μιας περιοχής πρασίνου μέσα σε μία πόλη;33;Περιβάλλον - Ενέργεια;0;-;0;-;1;0;2;0;0;0
151;151;Να μελετάς τρόπους βιολογικού καθαρισμού του νερού;33;Περιβάλλον - Ενέργεια;0;-;0;-;1;0;5;2;3;0
152;152;Να κάνεις μία μελέτη για το πώς μπορούν να αποκατασταθούν οι καταστροφές που έχουν γίνει στο φυσικό περιβάλλον;33;Περιβάλλον - Ενέργεια;0;-;0;-;1;2;5;2;3;0
153;153;Να εκπονήσεις μια μελέτη για την προστασία ενός υδρότοπου;33;Περιβάλλον - Ενέργεια;0;-;0;-;1;0;5;2;3;0
154;154;Να συμμετέχεις στην ανίχνευση και τον εντοπισμό ορυκτών πόρων με γεώτρηση;33;Περιβάλλον - Ενέργεια;0;-;0;-;1;0;2;0;0;0
155;155;Να ελέγχεις αν τηρούνται οι κανόνες προστασίας περιβάλλοντος σε ένα εργοστάσιο;33;Περιβάλλον - Ενέργεια;0;-;0;-;1;0;2;0;0;0
156;156;Να σχεδιάσεις μεθόδους ελέγχου της ρύπανσης;33;Περιβάλλον - Ενέργεια;0;-;0;-;1;0;2;0;0;0
157;157;Να κάνεις έρευνες για τρόπους αντιρρύπανσης του περιβάλλοντος;33;Περιβάλλον - Ενέργεια;0;-;0;-;2;1;2;0;0;0
158;158;Να κάνεις έρευνες για τον εντοπισμό πετρελαίου και φυσικού αερίου;33;Περιβάλλον - Ενέργεια;0;-;0;-;2;1;2;0;0;0
159;159;Να συμμετέχεις στην μελέτη για την διάνοιξη μιας σήραγγας;33;Περιβάλλον - Ενέργεια;0;-;0;-;1;0;2;0;0;0
160;160;Να συμμετέχεις σε μια μελέτη για την εκμετάλλευση της αιολικής ενέργειας;33;Περιβάλλον - Ενέργεια;0;-;0;-;1;2;2;0;0;0
161;161;Να σχεδιάσεις ένα σκάφος;29;Μηχανολογία;0;-;0;-;1;0;2;0;0;0
162;162;Να αναλάβεις την κατασκευή ενός σκάφους;29;Μηχανολογία;0;-;0;-;1;0;2;0;0;0
163;163;Να κάνεις την επίβλεψη για την εγκατάσταση ενός ασανσερ;29;Μηχανολογία;0;-;0;-;1;0;2;0;0;0
164;164;Να επισκευάσεις ένα χαλασμένο πλυντήριο ρούχων;29;Μηχανολογία;0;-;0;-;1;0;2;0;0;0
165;165;Να είσαι υπεύθυνος για την μεταφορά και αποθήκευση φυσικού αερίου και αέριων καυσίμων;29;Μηχανολογία;0;-;0;-;1;0;2;0;0;0
166;166;Να σχεδιάσεις ένα προιον μέσω υπολογιστή;29;Μηχανολογία;0;-;0;-;1;0;2;0;0;0
167;167;Να κάνεις την εγκατάσταση ενός κλιματιστικού μηχανήματος;29;Μηχανολογία;0;-;0;-;1;0;2;0;0;0
168;168;Να παρακολουθήσεις μαθήματα κλωστουφαντουργίας;29;Μηχανολογία;0;-;0;-;1;0;2;0;0;0
169;169;Να φτιάξεις και να συντηρείς ένα ιατρικό μηχάνημα;29;Μηχανολογία;14;Ηλεκτρολογία - Ηλεκτρονική ;0;-;1;0;2;0;0;0
170;170;Να βοηθήσεις στη επιδιόρθωση ενός αεροσκάφους;29;Μηχανολογία;0;-;0;-;1;0;2;0;0;0
171;171;Να σχεδιάσεις ένα νέο προϊον και να το προωθήσεις σε βιομηχανίες;29;Μηχανολογία;20;Καλές και Εφαρμοσμένες Τέχνες;0;-;1;0;2;0;0;0
172;172;Να συμμετέχεις στο σχεδιασμό ενός αυτοκινήτου;29;Μηχανολογία;0;-;0;-;1;0;2;0;0;0
173;173;Να διδάσκεις μαθήματα μηχανολογίας;29;Μηχανολογία;0;-;0;-;4;1;2;0;0;0
174;174;Να αναλάβεις τη γεωφυσική έρευνα για την ανεύρεση πετρελαίου και φυσικού αερίου;29;Μηχανολογία;0;-;0;-;1;2;2;0;0;0
175;175;Να εκτελείς με συνέπεια τις εντολές που σου δίνονται;12;Ένοπλες Δυνάμεις;0;-;0;-;6;0;0;0;0;0
176;176;Να βοηθήσεις την χώρα σου σε καταστάσεις εκτάκτου ανάγκης;12;Ένοπλες Δυνάμεις;0;-;0;-;6;4;0;0;0;0
177;177;Να εκπαιδευτείς σε ένα στρατόπεδο;12;Ένοπλες Δυνάμεις;0;-;0;-;6;0;0;0;0;0
178;178;Να πιλοτάρεις ένα πολεμικό αεροπλάνο;12;Ένοπλες Δυνάμεις;0;-;0;-;6;0;0;0;0;0
179;179;Να μάθεις να χειρίζεσαι ένα όπλο;12;Ένοπλες Δυνάμεις;0;-;0;-;6;0;0;0;0;0
180;180;Να συμμετέχεις σε στρατιωτικές επιχειρήσεις σε περίοδο πολέμου;12;Ένοπλες Δυνάμεις;0;-;0;-;6;4;0;0;0;0
181;181;Να προστατεύεις ένα δημόσιο κτίριο από βανδαλισμούς;12;Ένοπλες Δυνάμεις;0;-;0;-;6;0;0;0;0;0
182;182;Να επισκεφτείς ένα στρατιωτικό νοσοκομείο;12;Ένοπλες Δυνάμεις;0;-;0;-;6;0;0;0;0;0
183;183;Να φρουρείς φυλακές;12;Ένοπλες Δυνάμεις;0;-;0;-;6;0;0;0;0;0
184;184;Να συμμετέχεις σε ομάδα προστασίας πολιτών;12;Ένοπλες Δυνάμεις;0;-;0;-;6;4;1;2;5;0
185;185;Να προστατεύεις τους συμπολίτες σου;12;Ένοπλες Δυνάμεις;0;-;0;-;6;4;1;2;5;0
186;186;Να βοηθήσεις στον εντοπισμό ενός εγκληματία;12;Ένοπλες Δυνάμεις;0;-;0;-;6;2;1;2;5;0
187;187;Να βοηθήσεις στην σύλληψη ενός κακοποιού;12;Ένοπλες Δυνάμεις;0;-;0;-;6;0;1;2;5;0
188;188;Να συμμετέχεις στην κατάσβεση μιας πυρκαγιάς;12;Ένοπλες Δυνάμεις;0;-;0;-;6;4;1;2;5;0
189;189;Να βοηθήσεις στον απεγκλωβισμό ατόμων ή την αντιμετώπιση πλημμύρων και φυσικών καταστροφών;12;Ένοπλες Δυνάμεις;0;-;0;-;6;4;1;2;5;0
190;190;Να διδάσκεις μαθήματα σε παιδιά;11;ΕΚΠΑΙΔΕΥΣΗ- ΠΑΙΔΑΓΩΓΙΚΑ;0;-;0;-;4;6;4;0;0;0
191;191;Να εκπαιδεύεις έναν άνθρωπο να μάθει κάτι καινούργιο;11;ΕΚΠΑΙΔΕΥΣΗ- ΠΑΙΔΑΓΩΓΙΚΑ;0;-;0;-;4;6;4;0;0;0
192;192;Να μαθαίνεις σε παιδιά από 6 έως 12 ετών πώς να γράφουν και να διαβάζουν;32;Παιδαγωγικά;0;-;0;-;4;6;4;0;0;0
193;193;Να οργανώσεις μία εκπαιδευτική δραστηριότητα για παιδιά προσχολικής ηλικίας πχ διήγηση ενός παραμυθιού, ζωγραφική, κουκλοθέατρο κλπ;32;Παιδαγωγικά;0;-;0;-;4;6;4;0;0;0
194;194;Να εκπαιδεύεις παιδιά προσχολικής ηλικίας;32;Παιδαγωγικά;0;-;0;-;4;6;4;0;0;0
195;195;Να οργανώσεις δραστηριότητες δημιουργικής απασχόλησης για παιδιά πχ ζωγραφική, χορό, τραγούδι, παιχνίδια κ.α.;32;Παιδαγωγικά;0;-;0;-;4;6;4;0;0;0
196;196;Να εκπαιδεύεις παιδιά με ειδικές ανάγκες πχ με νοητική καθυστέρηση, αυτισμό κ.α.;10;Ειδική Αγωγή;0;-;0;-;4;6;4;1;0;0
197;197;Να μαθαίνεις σε παιδιά που έχουν προβλήματα ακοής πως να γράφουν και να διαβάζουν;10;Ειδική Αγωγή;0;-;0;-;4;6;4;1;0;0
198;198;Να διδάσκεις σε παιδιά με προβλήματα όρασης;10;Ειδική Αγωγή;0;-;0;-;4;6;4;1;0;0
199;199;Να αξιολογείς εάν ένα παιδί έχει μαθησιακές δυσκολίες πχ δυσλεξία;10;Ειδική Αγωγή;0;-;0;-;4;6;4;1;0;0
200;200;Να μελετάς την ελληνική γλώσσα και τους κανόνες χρήσης της;38;Φιλολογίες;0;-;0;-;2;4;1;0;0;0
201;201;Να μελετάς τη γραμματική και τη συντακτική δομή κειμένων;38;Φιλολογίες;0;-;0;-;2;4;1;0;0;0
202;202;Να μελετάς και να ερμηνεύεις κείμενα φιλοσόφων;38;Φιλολογίες;0;-;0;-;2;0;1;0;0;0
203;203;Να μελετάς λογοτεχνικά κείμενα;38;Φιλολογίες;0;-;0;-;2;4;1;0;0;0
204;204;Να μελετάς την αρχαία ελληνική γλώσσα;38;Φιλολογίες;0;-;0;-;2;4;1;0;0;0
205;205;Να μελετάς και να ερμηνεύεις κείμενα γραμμένα στα αρχαία ελληνικά;38;Φιλολογίες;0;-;0;-;2;4;1;0;0;0
206;206;Να εξετάζεις και να μελετάς αρχαιολογικά μνημεία και ευρήματα από προηγούμενες εποχές;17;Ιστορία- Αρχαιολογία;0;-;0;-;2;4;1;6;0;0
207;207;Να μελετάς την ιστορία και τον πολιτισμό διαφόρων λαών από ιστορικά κείμενα και πηγές;17;Ιστορία- Αρχαιολογία;6;Διεθνείς Σπουδές - Κοινωνικές Επιστήμες;0;-;2;4;1;6;0;0
208;208;Να συμμετέχεις σε μία αρχαιολογική ανασκαφή;17;Ιστορία- Αρχαιολογία;0;-;0;-;2;1;1;6;0;0
209;209;Να μελετάς την ιστορική πορεία των λαών από την καταγωγή τους έως σήμερα;17;Ιστορία- Αρχαιολογία;6;Διεθνείς Σπουδές - Κοινωνικές Επιστήμες;0;-;2;4;1;6;0;0
210;210;Να οργανώσεις τη λειτουργία μιας βιβλιοθήκης;17;Ιστορία- Αρχαιολογία;0;-;0;-;6;0;1;0;0;0
211;211;Να ταξινομείς και να φτιάχνεις καταλόγους εγγράφων και βιβλίων με τη χρήση προγράμματος στο Η/Υ;17;Ιστορία- Αρχαιολογία;0;-;0;-;6;0;1;0;0;0
212;212;Να διευκολύνεις τον κόσμο να εντοπίσει το υλικό που αναζητά (πχ βιβλία, άρθρα, έρευνες, εικόνες κ.α.) σε μία βιβλιοθήκη;17;Ιστορία- Αρχαιολογία;0;-;0;-;6;4;1;0;0;0
213;213;Να μελετάς την ιστορία της Εκκλησίας και τα εκκλησιαστικά κείμενα;15;Θρησκεία - Θεολογία;0;-;0;-;2;6;1;0;0;0
214;214;Να τελείς εκκλησιαστικές Ιερές Ακολουθίες;15;Θρησκεία - Θεολογία;0;-;0;-;6;0;1;0;0;0
215;215;Να μελετάς τη Βυζαντινή και Δημοτική Μουσική;15;Θρησκεία - Θεολογία;0;-;0;-;2;3;1;0;0;0
216;216;Να ασχολείσαι με την εκτίμηση και τη συντήρηση εκκλησιαστικών κειμηλίων;15;Θρησκεία - Θεολογία;0;-;0;-;1;3;1;0;0;0
217;217;Να ασχολείσαι καθημερινά με ένα άθλημα πχ ποδόσφαιρο, βόλευ κ.α.;2;Αθλητισμός;0;-;0;-;1;0;6;0;0;0
218;218;Να ασχολείσαι με την εκγύμναση άλλων  ατόμων πχ μαθητών, ενηλίκων κ.α.;2;Αθλητισμός;0;-;0;-;1;6;6;0;0;0
219;219;Να γυμνάζεις το σώμα σου;2;Αθλητισμός;0;-;0;-;1;0;6;0;0;0
220;220;Να προπονείς αθλητές;2;Αθλητισμός;0;-;0;-;1;6;6;0;0;0
221;221;Να παίζεις σε έναν αθλητικό αγώνα πχ ποδοσφαίρου, βόλεύ, μπάσκετ κ.α.;2;Αθλητισμός;0;-;0;-;1;0;6;0;0;0
222;222;Να οργανώνεις αθλητικές δραστηριότητες πχ έναν αγώνα ποδοσφαίρου;2;Αθλητισμός;0;-;0;-;1;6;6;0;0;0
223;223;Να βοηθάς ανθρώπους να αντιμετωπίσουν τα προσωπικά τους προβλήματα;42;Ψυχολογία-Κοινωνική Πρόνοια;0;-;0;-;4;0;1;0;0;0
224;224;Να προσπαθείς να κατανοήσεις και να ερμηνεύσεις την ανθρώπινη συμπεριφορά;42;Ψυχολογία-Κοινωνική Πρόνοια;0;-;0;-;2;0;1;0;0;0
225;225;Να συμβουλεύεις άλλους ανθρώπους για το πώς μπορούν να ξεπεράσουν τα προσωπικά τους προβλήματα;42;Ψυχολογία-Κοινωνική Πρόνοια;0;-;0;-;4;0;1;0;0;0
226;226;Να μελετάς και να ερμηνεύεις τους λόγους που οι άνθρωποι συμπεριφέρονται με κάποιο συγκεκριμένο τρόπο;42;Ψυχολογία-Κοινωνική Πρόνοια;0;-;0;-;2;4;1;0;0;0
227;227;Να υποστηρίζεις κοινωνικά ευπαθείς ομάδες πχ ΑΜΕΑ, ψυχικά ασθενείς, απόρους κ.α.;42;Ψυχολογία-Κοινωνική Πρόνοια;0;-;0;-;4;0;1;0;0;0
228;228;Να ερευνάς τις συνθήκες μέσα στις οποίες ζει μία οικογένεια;42;Ψυχολογία-Κοινωνική Πρόνοια;0;-;0;-;4;2;1;0;0;0
229;229;Να υποστηρίζεις τα συμφέροντα της χώρας σου σε ξένες χώρες;6;Διεθνείς Σπουδές - Κοινωνικές Επιστήμες;31;Οικονομικά;0;-;4;5;5;1;0;0
230;230;Να φροντίζεις για τις ισορροπημένες σχέσεις της χώρας σου με άλλα κράτη;6;Διεθνείς Σπουδές - Κοινωνικές Επιστήμες;31;Οικονομικά;0;-;4;5;5;1;0;0
231;231;Να υποστηρίζεις τα πολιτικά συμφέροντα της χώρας σου στο εξωτερικό;6;Διεθνείς Σπουδές - Κοινωνικές Επιστήμες;31;Οικονομικά;0;-;4;5;5;1;0;0
232;232;Να σχεδιάσεις και να υλοποιήσεις ένα πρόγραμμα για την αντιμετώπιση της ανεργίας;6;Διεθνείς Σπουδές - Κοινωνικές Επιστήμες;0;-;0;-;4;2;4;1;0;0
233;233;Να μελετάς τα ήθη και έθιμα διαφόρων λαών;6;Διεθνείς Σπουδές - Κοινωνικές Επιστήμες;17;Ιστορία- Αρχαιολογία;15;Θρησκεία - Θεολογία;2;4;4;1;0;0
234;234;Να μελετάς τις διαφορές και τις ομοιότητες διαφορετικών πολιτισμών;6;Διεθνείς Σπουδές - Κοινωνικές Επιστήμες;17;Ιστορία- Αρχαιολογία;15;Θρησκεία - Θεολογία;2;4;4;1;0;0
235;235;Να μελετάς διάφορα κοινωνικά φαινόμενα πχ  εγκληματικότητα, ταξικές διαφορές, μετανάστευση, αποκλεισμός ευπαθών ομάδων κ.α.;6;Διεθνείς Σπουδές - Κοινωνικές Επιστήμες;17;Ιστορία- Αρχαιολογία;15;Θρησκεία - Θεολογία;2;4;4;1;0;0
236;236;Να καταγράφεις και να αναλύεις την οργάνωση μιας κοινωνίας;6;Διεθνείς Σπουδές - Κοινωνικές Επιστήμες;17;Ιστορία- Αρχαιολογία;15;Θρησκεία - Θεολογία;2;4;4;1;0;0
237;237;Να μελετάς τα χαρακτηριστικά κοινωνικών ομάδων πχ της οικογένειας;6;Διεθνείς Σπουδές - Κοινωνικές Επιστήμες;17;Ιστορία- Αρχαιολογία;15;Θρησκεία - Θεολογία;2;4;4;1;0;0
238;238;Να προτείνεις τρόπους που μπορεί μία κοινωνία να λύσει τα προβλήματά της πχ ανεργία, την ανισότητα κ.α.;6;Διεθνείς Σπουδές - Κοινωνικές Επιστήμες;17;Ιστορία- Αρχαιολογία;15;Θρησκεία - Θεολογία;2;4;4;1;0;0
239;239;Να μαθαίνεις με επάρκεια μία ξένη γλώσσα;6;Διεθνείς Σπουδές - Κοινωνικές Επιστήμες;0;-;0;-;4;0;1;0;0;0
240;240;Να μελετάς ξένα λογοτεχνικά κείμενα;6;Διεθνείς Σπουδές - Κοινωνικές Επιστήμες;0;-;0;-;2;4;1;0;0;0
241;241;Να μεταφράζεις όσα ακούς και να τα μεταφέρεις σε ένα ακροατήριο;6;Διεθνείς Σπουδές - Κοινωνικές Επιστήμες;0;-;0;-;2;4;1;0;0;0
242;242;Να παρουσιάζεις μία τηλεοπτική εκπομπή;13;Επικοινωνία και Δημόσιες Σχέσεις;0;-;0;-;4;0;1;0;0;0
243;243;Να κάνεις ένα ρεποράζ για την τηλεόραση;13;Επικοινωνία και Δημόσιες Σχέσεις;0;-;0;-;4;2;1;0;0;0
244;244;Να παίρνεις συνέντευξη από ένα γνωστό πρόσωπο;13;Επικοινωνία και Δημόσιες Σχέσεις;0;-;0;-;4;0;1;0;0;0
245;245;Να κάνεις μία εκπομπή στο ραδιόφωνο;13;Επικοινωνία και Δημόσιες Σχέσεις;0;-;0;-;4;0;1;0;0;0
246;246;Να γράψεις ένα άρθρο για μία εφημερίδα;13;Επικοινωνία και Δημόσιες Σχέσεις;0;-;0;-;4;0;1;0;0;0
247;247;Να σκηνοθετήσεις, να μοντάρεις και να επεξεργαστείς ένα βίντεο;13;Επικοινωνία και Δημόσιες Σχέσεις;0;-;0;-;3;1;1;0;0;0
248;248;Να σχεδιάσεις και να επεξεργαστείς τα γραφικά ενός CD;13;Επικοινωνία και Δημόσιες Σχέσεις;0;-;0;-;3;1;1;0;0;0
249;249;Να σχεδιάσεις και να επεξεργαστείς ένα κινούμενο σχέδιο;13;Επικοινωνία και Δημόσιες Σχέσεις;0;-;0;-;3;1;1;0;0;0
250;250;Να φτιάξεις ένα βίντεο για την παρουσίαση ενός αρχαιολογικού χώρου;13;Επικοινωνία και Δημόσιες Σχέσεις;0;-;0;-;3;1;1;0;0;0
251;251;Να επιμελείσαι, να συντάσσεις και να διορθώνεις κείμενα;13;Επικοινωνία και Δημόσιες Σχέσεις;0;-;0;-;4;6;5;1;0;0
252;252;Να κάνεις μία δημοσκόπηση για να διερευνήσεις τη γνώμη του κοινού για ένα θέμα;13;Επικοινωνία και Δημόσιες Σχέσεις;0;-;0;-;2;0;5;1;0;0
253;253;Να φτιάξεις μία ιστοσελίδα για να προβάλλεις τα προϊόντα μιας εταιρείας;13;Επικοινωνία και Δημόσιες Σχέσεις;0;-;0;-;1;5;5;1;0;0
254;254;Να φτιάξεις τη διαφημιστική καμπάνια ενός προϊόντος;13;Επικοινωνία και Δημόσιες Σχέσεις;8;Διοίκηση Επιχειρήσεων - Ανθρωπίνων Πόρων - Οργανισμών ;0;-;4;5;5;1;0;0
255;255;Να βρίσκεις τρόπους παρουσίασης ενός προϊόντος για να πείσεις τον κόσμο να το αγοράσει;13;Επικοινωνία και Δημόσιες Σχέσεις;8;Διοίκηση Επιχειρήσεων - Ανθρωπίνων Πόρων - Οργανισμών ;0;-;5;0;5;1;0;0
256;256;Να διοργανώσεις μία έκθεση σε ένα μουσείο;13;Επικοινωνία και Δημόσιες Σχέσεις;0;-;0;-;3;6;5;1;0;0
257;257;Να προτείνεις καλύτερους τρόπους επικοινωνίας μιας επιχείρησης με τον κόσμο ή με άλλες επιχειρήσεις;13;Επικοινωνία και Δημόσιες Σχέσεις;0;-;0;-;4;0;5;1;0;0
258;258;Να κάνεις τις δημόσιες σχέσεις μιας εταιρείας;13;Επικοινωνία και Δημόσιες Σχέσεις;20;Διοίκηση Επιχειρήσεων - Ανθρωπίνων Πόρων - Οργανισμών ;0;-;4;0;5;1;0;0
259;259;Να επικοινωνείς με τον κόσμο για να ακούσεις τις απόψεις ή τα παράπονα που έχουν για ένα προϊον που χρησιμοποιούν;13;Επικοινωνία και Δημόσιες Σχέσεις;8;Διοίκηση Επιχειρήσεων - Ανθρωπίνων Πόρων - Οργανισμών ;0;-;4;0;5;1;0;0
260;260;Να βοηθήσεις στο στήσιμο των σκηνικών, στην επιλογή της μουσικής και στην επιλογή των ρόλων σε μία παράσταση;20;Καλλιτεχνικά Επαγγέλματα- Εφαρμοσμένες Τέχνες;0;-;0;-;3;0;6;1;0;0
261;261;Να λες την άποψή σου για την σκηνοθεσία, την υποκριτική και τα σκηνικά μιας παράστασης;20;Καλλιτεχνικά Επαγγέλματα- Εφαρμοσμένες Τέχνες;0;-;0;-;3;0;6;1;0;0
262;262;Να παρακολουθείς θεατρικές παραστάσεις;20;Καλλιτεχνικά Επαγγέλματα- Εφαρμοσμένες Τέχνες;0;-;0;-;3;0;6;1;0;0
263;263;Να φτιάξεις μία ψηφιακή εφαρμογή για να προβάλλεις ένα αρχαίο μνημείο;20;Καλλιτεχνικά Επαγγέλματα- Εφαρμοσμένες Τέχνες;34;Πληροφορική;0;-;3;1;5;1;0;0
264;264;Να προβάλλεις τα εκθέματα ενός μουσείου με τη χρήση των νέων τεχνολογιών;20;Καλλιτεχνικά Επαγγέλματα- Εφαρμοσμένες Τέχνες;34;Πληροφορική;0;-;3;1;5;1;0;0
265;265;Να πάρεις μέρος σε μία θεατρική παράσταση;20;Καλλιτεχνικά Επαγγέλματα- Εφαρμοσμένες Τέχνες;0;-;0;-;3;0;1;0;0;0
266;266;Να μελετάς την ιστορία του θεάτρου και θεατρικά κείμενα;20;Καλλιτεχνικά Επαγγέλματα- Εφαρμοσμένες Τέχνες;0;-;0;-;3;2;6;1;0;0
267;267;Να επισκέπτεσαι εκθέσεις σε πινακοθήκες;20;Καλλιτεχνικά Επαγγέλματα- Εφαρμοσμένες Τέχνες;0;-;0;-;3;0;2;5;1;0
268;268;Να ασχολείσαι με ζωγραφική;20;Καλλιτεχνικά Επαγγέλματα- Εφαρμοσμένες Τέχνες;0;-;0;-;3;0;2;5;1;0
269;269;Να παίζεις ένα μουσικό όργανο;20;Καλλιτεχνικά Επαγγέλματα- Εφαρμοσμένες Τέχνες;0;-;0;-;3;1;6;0;0;0
270;270;Να παίζεις ένα λαϊκό παραδοσιακό όργανο;20;Καλλιτεχνικά Επαγγέλματα- Εφαρμοσμένες Τέχνες;0;-;0;-;3;1;6;0;0;0
271;271;Να παίζεις μουσική σε μία ορχήστρα;20;Καλλιτεχνικά Επαγγέλματα- Εφαρμοσμένες Τέχνες;0;-;0;-;3;0;6;0;0;0
272;272;Να συνθέσεις ένα μουσικό κομμάτι;20;Καλλιτεχνικά Επαγγέλματα- Εφαρμοσμένες Τέχνες;0;-;0;-;3;0;6;0;0;0
273;273;Να φτιάξεις μία ιστοσελίδα στο διαδίκτυο;20;Καλλιτεχνικά Επαγγέλματα- Εφαρμοσμένες Τέχνες;34;Πληροφορική;0;-;3;1;5;1;0;0
274;274;Να ηχογραφείς και να ρυθμίζεις τον ήχο ενός μουσικού κομματιού σε ένα studio;20;Καλλιτεχνικά Επαγγέλματα- Εφαρμοσμένες Τέχνες;0;-;0;-;3;1;6;5;0;0
275;275;Να κατασκευάσεις ένα μουσικό όργανο;20;Καλλιτεχνικά Επαγγέλματα- Εφαρμοσμένες Τέχνες;0;-;0;-;3;1;5;0;0;0
276;276;Να είσαι υπεύθυνος μιας γκαλερί;20;Καλλιτεχνικά Επαγγέλματα- Εφαρμοσμένες Τέχνες;0;-;0;-;3;5;2;5;1;0
277;277;Να διδάσκεις ελληνικούς παραδοσιακούς χορούς;20;Καλλιτεχνικά Επαγγέλματα- Εφαρμοσμένες Τέχνες;0;-;0;-;3;6;6;0;0;0
278;278;Να φωτογραφίζεις εικόνες, τοπία, πρόσωπα;20;Καλλιτεχνικά Επαγγέλματα- Εφαρμοσμένες Τέχνες;0;-;0;-;3;0;5;1;0;0
279;279;Να παίρνεις φωτογραφίες που θα δημοσιευτούν σε ένα περιοδικό;20;Καλλιτεχνικά Επαγγέλματα- Εφαρμοσμένες Τέχνες;0;-;0;-;3;0;5;1;0;0
280;280;Να σχεδιάζεις ρούχα σε ένα atelier;20;Καλλιτεχνικά Επαγγέλματα- Εφαρμοσμένες Τέχνες;0;-;0;-;3;0;5;0;0;0
281;281;Να ελέγχεις την ποιότητα των υφασμάτων;20;Καλλιτεχνικά Επαγγέλματα- Εφαρμοσμένες Τέχνες;0;-;0;-;3;1;5;0;0;0
282;282;Να σχεδιάζεις ένα σκίτσο;20;Καλλιτεχνικά Επαγγέλματα- Εφαρμοσμένες Τέχνες;29;Μηχανολογία;0;-;3;0;5;0;0;0
283;283;Να σχεδιάζεις τα προσπέκτους, τα έντυπα και το λογότυπο για μία εταιρεία;20;Καλλιτεχνικά Επαγγέλματα- Εφαρμοσμένες Τέχνες;0;-;0;-;3;0;5;0;0;0
284;284;Να φτιάξεις το DVD παρουσίασης μιας εκδήλωσης;20;Καλλιτεχνικά Επαγγέλματα- Εφαρμοσμένες Τέχνες;34;Πληροφορική;0;-;3;1;5;1;0;0
285;285;Να φροντίζεις για τη συντήρηση ενός  πίνακα ζωγραφικής;20;Καλλιτεχνικά Επαγγέλματα- Εφαρμοσμένες Τέχνες;0;-;0;-;3;1;3;5;1;0
286;286;Να διορθώσεις τη ζημιά που έχει μία τοιχογραφία;20;Καλλιτεχνικά Επαγγέλματα- Εφαρμοσμένες Τέχνες;0;-;0;-;3;1;3;5;1;2
287;287;Να σχεδιάσεις και να κατασκευάσεις ένα έπιπλο;20;Καλλιτεχνικά Επαγγέλματα- Εφαρμοσμένες Τέχνες;0;-;0;-;3;1;5;0;0;2
288;288;Να κατασκευάζεις ξύλινα έπιπλα και συνθέσεις σε ένα εργοστάσιο;20;Καλλιτεχνικά Επαγγέλματα- Εφαρμοσμένες Τέχνες;0;-;0;-;3;1;5;0;0;0
289;289;Να σχεδιάσεις τη διακόσμηση των εξωτερικών και εσωτερικών χώρων ενός κτιρίου;20;Καλλιτεχνικά Επαγγέλματα- Εφαρμοσμένες Τέχνες;22;Κατασκευές - Δομικά Έργα;0;-;3;1;5;0;0;0
290;290;Να προτείνεις ιδέες για τη διακόσμηση ενός χώρου;20;Καλλιτεχνικά Επαγγέλματα- Εφαρμοσμένες Τέχνες;22;Κατασκευές - Δομικά Έργα;0;-;3;1;5;0;0;0
291;291;Να μελετάς πως δημιουργείται η ηλεκτρική ενέργεια;39;Φυσικές Επιστήμες;0;-;0;-;2;0;2;0;0;0
292;292;Να μελετάς τρόπους μετατροπής της ηλιακής ενέργειας σε κινητική;39;Φυσικές Επιστήμες;0;-;0;-;2;0;2;0;0;0
293;293;Να μελετάς τα καιρικά φαινόμενα πχ αστραπές, βροχοπτώσεις κλπ;39;Φυσικές Επιστήμες;0;-;0;-;2;0;2;0;0;0
294;294;Να μελετάς τη δημιουργία και την εξέλιξη των πλανητών και του ήλιου;39;Φυσικές Επιστήμες;0;-;0;-;2;0;2;0;0;0
295;295;Να ασχολείσαι με τη μέτρηση της ραδιενέργειας στο περιβάλλον;39;Φυσικές Επιστήμες;0;-;0;-;2;0;2;0;0;0
296;296;Να μελετάς τον πυρήνα ενός ατόμου (πρωτόνια, νετρόνια κ.α.) και τα σωματίδια που τον αποτελούν;39;Φυσικές Επιστήμες;28;Μαθηματικές Επιστήμες;0;-;2;0;2;0;0;0
297;297;Να μελετάς μαθηματικές θεωρίες και ορισμούς;28;Μαθηματικές Επιστήμες;39;Φυσικές Επιστήμες;0;-;2;0;2;0;0;0
298;298;Να φτιάχνεις διαγράμματα και πίνακες με αριθμούς για να μελετήσεις την πορεία των εσόδων- εξόδων μιας εταιρείας;28;Μαθηματικές Επιστήμες;31;Οικονομικά;0;-;2;0;2;0;0;0
299;299;Να μετράς τις απόψεις της κοινής γνώμης (gallop) για ένα θέμα;28;Μαθηματικές Επιστήμες;31;Οικονομικά;0;-;2;0;2;0;0;0
300;300;Να μελετάς τις έννοιες των αριθμών και των γεωμετρικών σχημάτων;28;Μαθηματικές Επιστήμες;0;-;0;-;2;0;2;0;0;0
301;301;Να υπολογίζεις τις πιθανότητες που έχει μία επιχείρηση να έχει κέρδος ή ζημιά από τις πωλήσεις των νέων προϊόντων της;28;Μαθηματικές Επιστήμες;31;Οικονομικά;0;-;2;5;2;0;0;0
302;302;Να υπολογίζεις το κόστος ασφάλισης των ατόμων σε μία ασφαλιστική εταιρεία ώστε να είναι οικονομικά συμφέρον για αυτήν;28;Μαθηματικές Επιστήμες;31;Οικονομικά;0;-;2;5;2;0;0;0
303;303;Να κάνεις έρευνες σε ένα εργαστηριο;3;Βιοεπιστήμες;5;Γεωπονία- Επιστήμες γης;0;-;2;0;2;0;0;0
304;304;Να σχεδιάσεις ένα σπίτι;22;Κατασκευές - Δομικά Έργα;20;Καλλιτεχνικά-  Εφαρμοσμένες Τέχνες;0;-;1;3;2;0;0;0
305;305;Να προτείνεις τρόπους για την καλύτερη στερέωση των ευρημάτων σε ένα αρχαιολογικό χώρο πχ Ακρόπολη;22;Κατασκευές - Δομικά Έργα;20;Καλλιτεχνικά-  Εφαρμοσμένες Τέχνες;0;-;1;2;2;0;0;0
306;306;Να σχεδιάσεις τη θέση των κτιρίων και των δρόμων σε έναν οικισμό;22;Κατασκευές - Δομικά Έργα;20;Καλλιτεχνικά-  Εφαρμοσμένες Τέχνες;0;-;1;3;2;0;0;0
307;307;Να προτείνεις τρόπους για να ανακαινίστει ένα παλιό κτίριο;22;Κατασκευές - Δομικά Έργα;20;Καλλιτεχνικά-  Εφαρμοσμένες Τέχνες;0;-;1;3;2;0;0;0
308;308;Να σχεδιάζεις και να επιβλέπεις την κατασκευή δρόμων;22;Κατασκευές - Δομικά Έργα;0;-;0;-;1;6;2;0;0;0
309;309;Να σχεδιάζεις και να επιβλέπεις την κατασκευή ενός σιδηροδρομικού δικτύου;22;Κατασκευές - Δομικά Έργα;0;-;0;-;1;6;2;0;0;0
310;310;Να επιβλέπεις την κατασκευή ενός κτιρίου;22;Κατασκευές - Δομικά Έργα;0;-;0;-;1;6;2;0;0;0
311;311;Να προτείνεις τα υλικά που πρέπει να χρησιμοποιηθούν για την κατασκευή ενός κτιρίου;22;Κατασκευές - Δομικά Έργα;0;-;0;-;1;2;2;0;0;0
312;312;Να αξιολογείς την κατάσταση που βρίσκεται ένα κτίριο;22;Κατασκευές - Δομικά Έργα;0;-;0;-;1;2;2;0;0;0
313;313;Να ελέγχεις την ανθεκτικότητα των υλικών που χρησιμοποιούνται σε μία πολυκατοικία;22;Κατασκευές - Δομικά Έργα;0;-;0;-;1;2;2;0;0;0
314;314;Να επιβλέπεις την κατασκευή μιας γέφυρας;22;Κατασκευές - Δομικά Έργα;0;-;0;-;1;6;2;0;0;0
315;315;Να σχεδιάσεις ένα χάρτη που να δείχνει τα όρια ενός οικοπέδου;22;Κατασκευές - Δομικά Έργα;0;-;0;-;1;0;2;0;0;0
316;316;Να σχεδιάζεις και να επιβλέπεις την κατασκευή ενός φράγματος;22;Κατασκευές - Δομικά Έργα;0;-;0;-;1;0;2;0;0;0
317;317;Να υπολογίζεις την έκταση ενός οικοπέδου ή μιας περιοχής;22;Κατασκευές - Δομικά Έργα;0;-;0;-;1;0;2;0;0;0
318;318;Να αποτυπώσεις σε ένα χάρτη το σχέδιο μιας πόλης (πχ τα όριά της, τις πλατείες, τα κτίρια κ.α.);22;Κατασκευές - Δομικά Έργα;0;-;0;-;1;0;2;0;0;0
319;319;Να προτείνεις σε γεωργούς είδη και τρόπους καλλιέργειας για να βελτιώσουν την παραγωγή τους;5;Γεωπονία- Επιστήμες Γης-Πρωτογενής Παραγωγή ;0;-;0;-;1;2;2;3;0;0
320;320;Να προτείνεις γεωργικά φάρμακα και προϊόντα για την προστασία και βελτίωση μιας παραγωγής;5;Γεωπονία- Επιστήμες Γης-Πρωτογενής Παραγωγή ;0;-;0;-;1;6;2;3;0;0
321;321;Να προτείνεις τρόπους για την αποθήκευση, συσκευασία και διάθεση των αγροτικών προϊόντων;5;Γεωπονία- Επιστήμες Γης-Πρωτογενής Παραγωγή ;0;-;0;-;1;6;2;3;0;0
322;322;Να λειτουργείς καστάστημα με καλλωπιστικά φυτά, κηπευτικά υλικά, λιπάσματα κ.α.;5;Γεωπονία- Επιστήμες Γης-Πρωτογενής Παραγωγή ;0;-;0;-;4;5;2;3;0;0
323;323;Να κατασκευάσεις μία γεώτρηση για την άρδευση μιας καλλιέργειας;5;Γεωπονία- Επιστήμες Γης-Πρωτογενής Παραγωγή ;0;-;0;-;1;0;2;3;0;0
324;324;Να ασχολείσαι με την ανάπτυξη σύγχρονων μεθόδων καλλιέγειας (πχ βιολογικές καλλιέργειες);5;Γεωπονία- Επιστήμες Γης-Πρωτογενής Παραγωγή ;0;-;0;-;1;2;2;3;0;0
325;325;Να μελετάς τρόπους για την καλύτερη οργάνωση κτηνοτροφικών μονάδων;24;Κτηνοτροφία - Αλιεία;5;Γεωπονία- Επιστήμες Γης-Πρωτογενής Παραγωγή ;0;-;1;2;2;0;0;0
326;326;Να κάνεις μελέτη για τα δέντρα και τα φυτά που μπορούν να τοποθετηθούν σε ένα πάρκο;5;Γεωπονία- Επιστήμες Γης-Πρωτογενής Παραγωγή ;0;-;0;-;1;6;2;3;0;0
327;327;Να ασχολείσαι με την παραγωγή, συσκευασία και τυποποίηση ανθοκομικών προϊόντων;5;Γεωπονία- Επιστήμες Γης-Πρωτογενής Παραγωγή ;0;-;0;-;1;6;2;3;0;0
328;328;Να ασχολείσαι με την κατασκευή και το εμπόριο γεωργικών εργαλείων και μηχανών;5;Γεωπονία- Επιστήμες Γης-Πρωτογενής Παραγωγή ;0;-;0;-;1;5;2;3;0;0
329;329;Να επιβλέπεις έργα βελτίωσης του εδάφους (φράγματα, λιμνοδεξαμενές κ.α.) για το πότισμα μιας καλλιέργειας;5;Γεωπονία- Επιστήμες Γης-Πρωτογενής Παραγωγή ;0;-;0;-;1;6;2;3;0;0
330;330;Να ελέγχεις την ποιότητα των τροφίμων σε μία βιομηχανία;5;Γεωπονία- Επιστήμες Γης-Πρωτογενής Παραγωγή ;41;Χημεία;0;-;2;0;2;0;0;0
331;331;Να προτείνεις καλύτερους τρόπους συσκευασίας και συντήρησης των τροφίμων (πχ φρούτων, λαχανικών, κρέατος κ.α.) ώστε να παραμένουν ποιοτικά ...;5;Γεωπονία- Επιστήμες Γης-Πρωτογενής Παραγωγή ;41;Χημεία;0;-;2;0;2;0;0;0
332;332;Να προτείνεις τρόπους καλύτερης διακίνησης των τροφίμων  (πχ φρούτων, λαχανικών, κρέατος κ.α.) ώστε να παραμένουν ποιοτικά μέχρι την κατανά...;5;Γεωπονία- Επιστήμες Γης-Πρωτογενής Παραγωγή ;41;Χημεία;0;-;2;0;2;0;0;0
333;333;Να ελέγχεις μέσα σε ένα εργαστήριο εάν το κρέας είναι κατάλληλο για κατανάλωση;5;Γεωπονία- Επιστήμες Γης-Πρωτογενής Παραγωγή ;41;Χημεία;0;-;2;0;2;0;0;0
334;334;Να βρίσκεις τρόπους αξιοποίησης των αποβλήτων μιας βιομηχανίας τροφίμων (πχ μιας βιομηχανίας γάλακτος);5;Γεωπονία- Επιστήμες Γης-Πρωτογενής Παραγωγή ;36;Τρόφιμα- Ποτά;41;Χημεία;2;0;2;0;0;0
335;335;Να ελέγχεις την ποιότητα ενός κρασιού σε ένα εργαστήριο;5;Γεωπονία- Επιστήμες Γης-Πρωτογενής Παραγωγή ;36;Τρόφιμα- Ποτά;41;Χημεία;2;0;2;0;0;0
336;336;Να προτείνεις καλύτερους τρόπους συσκευασίας, συντήρησης και αποθήκευσης των ποτών ώστε να διασφαλίζεται η ποιότητά τους;5;Γεωπονία- Επιστήμες Γης-Πρωτογενής Παραγωγή ;36;Τρόφιμα- Ποτά;0;-;2;0;2;0;0;0
337;337;Να συμβουλεύεις αγρότες για θέματα εκτροφής ζώων ή καλλιέργειας γεωργικών εκτάσεων;24;Κτηνοτροφία - Αλιεία;5;Γεωπονία- Επιστήμες Γης-Πρωτογενής Παραγωγή ;0;-;1;2;2;0;0;0
338;338;Να μελετάς τρόπους για την καλύτερη οργάνωση κτηνοτροφικών μονάδων;24;Κτηνοτροφία - Αλιεία;5;Γεωπονία- Επιστήμες Γης-Πρωτογενής Παραγωγή ;0;-;1;2;2;0;0;0
339;339;Να σχεδιάσεις και να λειτουργήσεις μία ιχθυοκαλλιέργεια;24;Κτηνοτροφία - Αλιεία;5;Γεωπονία- Επιστήμες Γης-Πρωτογενής Παραγωγή ;0;-;1;0;2;5;0;0
340;340;Να είσαι υπεύθυνος για την παραγωγή, τυποποίηση αλιευτικών προϊόντων;24;Κτηνοτροφία - Αλιεία;0;-;0;-;1;6;2;5;0;0
341;341;Να είσαι υπεύθυνος για τον έλεγχο της ποιότητας αλιευτικών προϊόντων;24;Κτηνοτροφία - Αλιεία;0;-;0;-;1;2;2;5;0;0
342;342;Να μελετάς τα φαινόμενα της θάλασσας και των ωκεανών (πχ κυματισμός, παλίρροια, παγόβουνα κ.α.);5;Γεωπονία- Επιστήμες Γης-Πρωτογενής Παραγωγή ;0;-;0;-;2;0;2;0;0;0
343;343;Να μελετάς τις επιπτώσεις της ανθρώπινης παρέμβασης στις θάλασσες και στις ακτές;5;Γεωπονία- Επιστήμες Γης-Πρωτογενής Παραγωγή ;0;-;0;-;2;1;2;0;0;0
344;344;Να μελετάς τρόπους εκμετάλλευσης των θαλάσσιων πόρων (πχ νερό, πετρέλαιο κ.α.);5;Γεωπονία- Επιστήμες Γης-Πρωτογενής Παραγωγή ;0;-;0;-;2;1;2;0;0;0
