79;Ιατρικής;4;Αθήνα
79;Ιατρικής;6;Αλεξανδρούπολη
79;Ιατρικής;20;Ηράκλειο
79;Ιατρικής;21;Θεσσαλονίκη
79;Ιατρικής;24;Ιωάννινα
79;Ιατρικής;36;Λάρισα
79;Ιατρικής;46;Πάτρα
79;Ιατρικής;4;Αθήνα
79;Ιατρικής;6;Αλεξανδρούπολη
79;Ιατρικής;20;Ηράκλειο
79;Ιατρικής;21;Θεσσαλονίκη
79;Ιατρικής;24;Ιωάννινα
79;Ιατρικής;36;Λάρισα
79;Ιατρικής;46;Πάτρα
79;Ιατρικής;4;Αθήνα
79;Ιατρικής;6;Αλεξανδρούπολη
79;Ιατρικής;20;Ηράκλειο
79;Ιατρικής;21;Θεσσαλονίκη
79;Ιατρικής;24;Ιωάννινα
79;Ιατρικής;36;Λάρισα
79;Ιατρικής;46;Πάτρα
79;Ιατρικής;4;Αθήνα
79;Ιατρικής;6;Αλεξανδρούπολη
79;Ιατρικής;20;Ηράκλειο
79;Ιατρικής;21;Θεσσαλονίκη
79;Ιατρικής;24;Ιωάννινα
79;Ιατρικής;36;Λάρισα
79;Ιατρικής;46;Πάτρα
79;Ιατρικής;4;Αθήνα
79;Ιατρικής;6;Αλεξανδρούπολη
79;Ιατρικής;20;Ηράκλειο
79;Ιατρικής;21;Θεσσαλονίκη
79;Ιατρικής;24;Ιωάννινα
79;Ιατρικής;36;Λάρισα
79;Ιατρικής;46;Πάτρα
79;Ιατρικής;4;Αθήνα
79;Ιατρικής;6;Αλεξανδρούπολη
79;Ιατρικής;20;Ηράκλειο
79;Ιατρικής;21;Θεσσαλονίκη
79;Ιατρικής;24;Ιωάννινα
79;Ιατρικής;36;Λάρισα
79;Ιατρικής;46;Πάτρα
95;Κτηνιατρικής;21;Θεσσαλονίκη
95;Κτηνιατρικής;27;Καρδίτσα
95;Κτηνιατρικής;21;Θεσσαλονίκη
95;Κτηνιατρικής;27;Καρδίτσα
131;Οδοντιατρικής;4;Αθήνα
131;Οδοντιατρικής;21;Θεσσαλονίκη
131;Οδοντιατρικής;4;Αθήνα
131;Οδοντιατρικής;21;Θεσσαλονίκη
131;Οδοντιατρικής;4;Αθήνα
131;Οδοντιατρικής;21;Θεσσαλονίκη
129;Νοσηλευτικής;4;Αθήνα
129;Νοσηλευτικής;57;Σπάρτη
214;Τ.Ε.Ι. Νοσηλευτικής;4;Αθήνα
214;Τ.Ε.Ι. Νοσηλευτικής;15;Διδυμότειχο
214;Τ.Ε.Ι. Νοσηλευτικής;20;Ηράκλειο
214;Τ.Ε.Ι. Νοσηλευτικής;21;Θεσσαλονίκη
214;Τ.Ε.Ι. Νοσηλευτικής;24;Ιωάννινα
214;Τ.Ε.Ι. Νοσηλευτικής;35;Λαμία
214;Τ.Ε.Ι. Νοσηλευτικής;36;Λάρισα
214;Τ.Ε.Ι. Νοσηλευτικής;46;Πάτρα
129;Νοσηλευτικής;4;Αθήνα
129;Νοσηλευτικής;57;Σπάρτη
214;Τ.Ε.Ι. Νοσηλευτικής;4;Αθήνα
214;Τ.Ε.Ι. Νοσηλευτικής;15;Διδυμότειχο
214;Τ.Ε.Ι. Νοσηλευτικής;20;Ηράκλειο
214;Τ.Ε.Ι. Νοσηλευτικής;21;Θεσσαλονίκη
214;Τ.Ε.Ι. Νοσηλευτικής;24;Ιωάννινα
214;Τ.Ε.Ι. Νοσηλευτικής;35;Λαμία
214;Τ.Ε.Ι. Νοσηλευτικής;36;Λάρισα
214;Τ.Ε.Ι. Νοσηλευτικής;46;Πάτρα
129;Νοσηλευτικής;4;Αθήνα
129;Νοσηλευτικής;57;Σπάρτη
214;Τ.Ε.Ι. Νοσηλευτικής;4;Αθήνα
214;Τ.Ε.Ι. Νοσηλευτικής;15;Διδυμότειχο
214;Τ.Ε.Ι. Νοσηλευτικής;20;Ηράκλειο
214;Τ.Ε.Ι. Νοσηλευτικής;21;Θεσσαλονίκη
214;Τ.Ε.Ι. Νοσηλευτικής;24;Ιωάννινα
214;Τ.Ε.Ι. Νοσηλευτικής;35;Λαμία
214;Τ.Ε.Ι. Νοσηλευτικής;36;Λάρισα
214;Τ.Ε.Ι. Νοσηλευτικής;46;Πάτρα
129;Νοσηλευτικής;4;Αθήνα
129;Νοσηλευτικής;57;Σπάρτη
214;Τ.Ε.Ι. Νοσηλευτικής;4;Αθήνα
214;Τ.Ε.Ι. Νοσηλευτικής;15;Διδυμότειχο
214;Τ.Ε.Ι. Νοσηλευτικής;20;Ηράκλειο
214;Τ.Ε.Ι. Νοσηλευτικής;21;Θεσσαλονίκη
214;Τ.Ε.Ι. Νοσηλευτικής;24;Ιωάννινα
214;Τ.Ε.Ι. Νοσηλευτικής;35;Λαμία
214;Τ.Ε.Ι. Νοσηλευτικής;36;Λάρισα
214;Τ.Ε.Ι. Νοσηλευτικής;46;Πάτρα
233;Φαρμακευτικής;4;Αθήνα
233;Φαρμακευτικής;21;Θεσσαλονίκη
233;Φαρμακευτικής;46;Πάτρα
233;Φαρμακευτικής;4;Αθήνα
233;Φαρμακευτικής;21;Θεσσαλονίκη
233;Φαρμακευτικής;46;Πάτρα
233;Φαρμακευτικής;4;Αθήνα
233;Φαρμακευτικής;21;Θεσσαλονίκη
233;Φαρμακευτικής;46;Πάτρα
53;Επιστήμης Διαιτολογίας & Διατροφής;4;Αθήνα
190;Τ.Ε.Ι. Διατροφής & Διαιτολογίας;21;Θεσσαλονίκη
190;Τ.Ε.Ι. Διατροφής & Διαιτολογίας;27;Καρδίτσα
190;Τ.Ε.Ι. Διατροφής & Διαιτολογίας;56;Σητεία
53;Επιστήμης Διαιτολογίας & Διατροφής;4;Αθήνα
190;Τ.Ε.Ι. Διατροφής & Διαιτολογίας;21;Θεσσαλονίκη
190;Τ.Ε.Ι. Διατροφής & Διαιτολογίας;27;Καρδίτσα
190;Τ.Ε.Ι. Διατροφής & Διαιτολογίας;56;Σητεία
53;Επιστήμης Διαιτολογίας & Διατροφής;4;Αθήνα
190;Τ.Ε.Ι. Διατροφής & Διαιτολογίας;21;Θεσσαλονίκη
190;Τ.Ε.Ι. Διατροφής & Διαιτολογίας;27;Καρδίτσα
190;Τ.Ε.Ι. Διατροφής & Διαιτολογίας;56;Σητεία
53;Επιστήμης Διαιτολογίας & Διατροφής;4;Αθήνα
190;Τ.Ε.Ι. Διατροφής & Διαιτολογίας;21;Θεσσαλονίκη
190;Τ.Ε.Ι. Διατροφής & Διαιτολογίας;27;Καρδίτσα
190;Τ.Ε.Ι. Διατροφής & Διαιτολογίας;56;Σητεία
186;Τ.Ε.Ι. Αισθητικής & Κοσμητολογίας;4;Αθήνα
186;Τ.Ε.Ι. Αισθητικής & Κοσμητολογίας;21;Θεσσαλονίκη
186;Τ.Ε.Ι. Αισθητικής & Κοσμητολογίας;4;Αθήνα
186;Τ.Ε.Ι. Αισθητικής & Κοσμητολογίας;21;Θεσσαλονίκη
189;Τ.Ε.Ι. Δημόσιας Υγιείας & Κοινοτικής Υγείας;4;Αθήνα
189;Τ.Ε.Ι. Δημόσιας Υγιείας & Κοινοτικής Υγείας;4;Αθήνα
196;Τ.Ε.Ι. Εργοθεραπείας;4;Αθήνα
198;Τ.Ε.Ι. Ιατρικών Εργαστηρίων;4;Αθήνα
198;Τ.Ε.Ι. Ιατρικών Εργαστηρίων;21;Θεσσαλονίκη
198;Τ.Ε.Ι. Ιατρικών Εργαστηρίων;36;Λάρισα
203;Τ.Ε.Ι. Λογοθεραπείας;24;Ιωάννινα
203;Τ.Ε.Ι. Λογοθεραπείας;46;Πάτρα
203;Τ.Ε.Ι. Λογοθεραπείας;24;Ιωάννινα
203;Τ.Ε.Ι. Λογοθεραπείας;46;Πάτρα
204;Τ.Ε.Ι. Μαιευτικής;4;Αθήνα
204;Τ.Ε.Ι. Μαιευτικής;21;Θεσσαλονίκη
204;Τ.Ε.Ι. Μαιευτικής;50;Πτολεμαΐδα
215;Τ.Ε.Ι. Οδοντικής Τεχνολογίας;4;Αθήνα
216;Τ.Ε.Ι. Οπτικής & Οπτομετρίας;4;Αθήνα
220;Τ.Ε.Ι. Ραδιολογίας & Ακτινολογίας;4;Αθήνα
225;Τ.Ε.Ι. Φυσικοθεραπείας;4;Αθήνα
225;Τ.Ε.Ι. Φυσικοθεραπείας;5;Αίγιο
225;Τ.Ε.Ι. Φυσικοθεραπείας;21;Θεσσαλονίκη
225;Τ.Ε.Ι. Φυσικοθεραπείας;35;Λαμία
225;Τ.Ε.Ι. Φυσικοθεραπείας;4;Αθήνα
225;Τ.Ε.Ι. Φυσικοθεραπείας;5;Αίγιο
225;Τ.Ε.Ι. Φυσικοθεραπείας;21;Θεσσαλονίκη
225;Τ.Ε.Ι. Φυσικοθεραπείας;35;Λαμία
91;Κοινωνικής Διοίκησης και Πολιτικής Επιστήμης;33;Κομοτηνή
151;Πολιτικής Επιστήμης;52;Ρεθύμνο
152;Πολιτικής Επιστήμης & Δημόσιας Διοίκησης;4;Αθήνα
153;Πολιτικής Επιστήμης & Διεθνών Σχέσεων;34;Κόρινθος
154;Πολιτικής Επιστήμης & Ιστορίας;4;Αθήνα
155;Πολιτικών Επιστημών;21;Θεσσαλονίκη
91;Κοινωνικής Διοίκησης και Πολιτικής Επιστήμης;33;Κομοτηνή
151;Πολιτικής Επιστήμης;52;Ρεθύμνο
152;Πολιτικής Επιστήμης & Δημόσιας Διοίκησης;4;Αθήνα
153;Πολιτικής Επιστήμης & Διεθνών Σχέσεων;34;Κόρινθος
154;Πολιτικής Επιστήμης & Ιστορίας;4;Αθήνα
155;Πολιτικών Επιστημών;21;Θεσσαλονίκη
91;Κοινωνικής Διοίκησης και Πολιτικής Επιστήμης;33;Κομοτηνή
151;Πολιτικής Επιστήμης;52;Ρεθύμνο
152;Πολιτικής Επιστήμης & Δημόσιας Διοίκησης;4;Αθήνα
153;Πολιτικής Επιστήμης & Διεθνών Σχέσεων;34;Κόρινθος
154;Πολιτικής Επιστήμης & Ιστορίας;4;Αθήνα
155;Πολιτικών Επιστημών;21;Θεσσαλονίκη
128;Νομικής;4;Αθήνα
128;Νομικής;21;Θεσσαλονίκη
128;Νομικής;33;Κομοτηνή
128;Νομικής;4;Αθήνα
128;Νομικής;21;Θεσσαλονίκη
128;Νομικής;33;Κομοτηνή
128;Νομικής;4;Αθήνα
128;Νομικής;21;Θεσσαλονίκη
128;Νομικής;33;Κομοτηνή
128;Νομικής;4;Αθήνα
128;Νομικής;21;Θεσσαλονίκη
128;Νομικής;33;Κομοτηνή
128;Νομικής;4;Αθήνα
128;Νομικής;21;Θεσσαλονίκη
128;Νομικής;33;Κομοτηνή
128;Νομικής;4;Αθήνα
128;Νομικής;21;Θεσσαλονίκη
128;Νομικής;33;Κομοτηνή
240;Χημείας;4;Αθήνα
240;Χημείας;20;Ηράκλειο
240;Χημείας;21;Θεσσαλονίκη
240;Χημείας;24;Ιωάννινα
240;Χημείας;46;Πάτρα
240;Χημείας;4;Αθήνα
240;Χημείας;20;Ηράκλειο
240;Χημείας;21;Θεσσαλονίκη
240;Χημείας;24;Ιωάννινα
240;Χημείας;46;Πάτρα
240;Χημείας;4;Αθήνα
240;Χημείας;20;Ηράκλειο
240;Χημείας;21;Θεσσαλονίκη
240;Χημείας;24;Ιωάννινα
240;Χημείας;46;Πάτρα
240;Χημείας;4;Αθήνα
240;Χημείας;20;Ηράκλειο
240;Χημείας;21;Θεσσαλονίκη
240;Χημείας;24;Ιωάννινα
240;Χημείας;46;Πάτρα
56;Επιστήμης Τροφίμων & Διατροφής;38;Λήμνος
222;Τ.Ε.Ι. Τεχνολογίας Τροφίμων;4;Αθήνα
222;Τ.Ε.Ι. Τεχνολογίας Τροφίμων;10;Αργοστόλι
222;Τ.Ε.Ι. Τεχνολογίας Τροφίμων;21;Θεσσαλονίκη
222;Τ.Ε.Ι. Τεχνολογίας Τροφίμων;26;Καλαμάτα
222;Τ.Ε.Ι. Τεχνολογίας Τροφίμων;27;Καρδίτσα
55;Επιστήμης Τεχνολογίας Υλικών;20;Ηράκλειο
248;Επιστήμης των Υλικών;46;Πάτρα
102;Μηχανικών Επιστήμης Υλικών;24;Ιωάννινα
55;Επιστήμης Τεχνολογίας Υλικών;20;Ηράκλειο
248;Επιστήμης των Υλικών;46;Πάτρα
102;Μηχανικών Επιστήμης Υλικών;24;Ιωάννινα
55;Επιστήμης Τεχνολογίας Υλικών;20;Ηράκλειο
248;Επιστήμης των Υλικών;46;Πάτρα
102;Μηχανικών Επιστήμης Υλικών;24;Ιωάννινα
241;Χημικών Μηχανικών;4;Αθήνα
241;Χημικών Μηχανικών;21;Θεσσαλονίκη
241;Χημικών Μηχανικών;46;Πάτρα
241;Χημικών Μηχανικών;4;Αθήνα
241;Χημικών Μηχανικών;21;Θεσσαλονίκη
241;Χημικών Μηχανικών;46;Πάτρα
241;Χημικών Μηχανικών;4;Αθήνα
241;Χημικών Μηχανικών;21;Θεσσαλονίκη
241;Χημικών Μηχανικών;46;Πάτρα
122;Μοριακής Βιολογίας & Γενετικής;6;Αλεξανδρούπολη
122;Μοριακής Βιολογίας & Γενετικής;6;Αλεξανδρούπολη
16;Βιολογίας;4;Αθήνα
16;Βιολογίας;20;Ηράκλειο
16;Βιολογίας;21;Θεσσαλονίκη
16;Βιολογίας;46;Πάτρα
17;Βιολογικών Εφαρμογών και Τεχνολογιών;24;Ιωάννινα
21;Βιοχημείας και Βιοτεχνολογίας;36;Λάρισα
16;Βιολογίας;4;Αθήνα
16;Βιολογίας;20;Ηράκλειο
16;Βιολογίας;21;Θεσσαλονίκη
16;Βιολογίας;46;Πάτρα
17;Βιολογικών Εφαρμογών και Τεχνολογιών;24;Ιωάννινα
21;Βιοχημείας και Βιοτεχνολογίας;36;Λάρισα
16;Βιολογίας;4;Αθήνα
16;Βιολογίας;20;Ηράκλειο
16;Βιολογίας;21;Θεσσαλονίκη
16;Βιολογίας;46;Πάτρα
17;Βιολογικών Εφαρμογών και Τεχνολογιών;24;Ιωάννινα
21;Βιοχημείας και Βιοτεχνολογίας;36;Λάρισα
16;Βιολογίας;4;Αθήνα
16;Βιολογίας;20;Ηράκλειο
16;Βιολογίας;21;Θεσσαλονίκη
16;Βιολογίας;46;Πάτρα
17;Βιολογικών Εφαρμογών και Τεχνολογιών;24;Ιωάννινα
21;Βιοχημείας και Βιοτεχνολογίας;36;Λάρισα
72;Ηλεκτρολόγων Μηχανικών & Μηχανικών Υπολογιστών;4;Αθήνα
72;Ηλεκτρολόγων Μηχανικών & Μηχανικών Υπολογιστών;13;Βόλος
72;Ηλεκτρολόγων Μηχανικών & Μηχανικών Υπολογιστών;21;Θεσσαλονίκη
72;Ηλεκτρολόγων Μηχανικών & Μηχανικών Υπολογιστών;44;Ξάνθη
73;Ηλεκτρολόγων Μηχανικών & Τεχνολογίας Υπολογιστών;46;Πάτρα
72;Ηλεκτρολόγων Μηχανικών & Μηχανικών Υπολογιστών;4;Αθήνα
72;Ηλεκτρολόγων Μηχανικών & Μηχανικών Υπολογιστών;13;Βόλος
72;Ηλεκτρολόγων Μηχανικών & Μηχανικών Υπολογιστών;21;Θεσσαλονίκη
72;Ηλεκτρολόγων Μηχανικών & Μηχανικών Υπολογιστών;44;Ξάνθη
73;Ηλεκτρολόγων Μηχανικών & Τεχνολογίας Υπολογιστών;46;Πάτρα
72;Ηλεκτρολόγων Μηχανικών & Μηχανικών Υπολογιστών;4;Αθήνα
72;Ηλεκτρολόγων Μηχανικών & Μηχανικών Υπολογιστών;13;Βόλος
72;Ηλεκτρολόγων Μηχανικών & Μηχανικών Υπολογιστών;21;Θεσσαλονίκη
72;Ηλεκτρολόγων Μηχανικών & Μηχανικών Υπολογιστών;44;Ξάνθη
73;Ηλεκτρολόγων Μηχανικών & Τεχνολογίας Υπολογιστών;46;Πάτρα
72;Ηλεκτρολόγων Μηχανικών & Μηχανικών Υπολογιστών;4;Αθήνα
72;Ηλεκτρολόγων Μηχανικών & Μηχανικών Υπολογιστών;13;Βόλος
72;Ηλεκτρολόγων Μηχανικών & Μηχανικών Υπολογιστών;21;Θεσσαλονίκη
72;Ηλεκτρολόγων Μηχανικών & Μηχανικών Υπολογιστών;44;Ξάνθη
73;Ηλεκτρολόγων Μηχανικών & Τεχνολογίας Υπολογιστών;46;Πάτρα
48;Εκπαιδευτικών Ηλεκτρολόγων Μηχανικών;4;Αθήνα
48;Εκπαιδευτικών Ηλεκτρολόγων Μηχανικών;4;Αθήνα
184;Τ.Ε.Ι.  Ηλεκτρολόγων Μηχανικών ΤΕ;20;Ηράκλειο
184;Τ.Ε.Ι.  Ηλεκτρολόγων Μηχανικών ΤΕ;25;Καβάλα
184;Τ.Ε.Ι.  Ηλεκτρολόγων Μηχανικών ΤΕ;32;Κοζάνη
184;Τ.Ε.Ι.  Ηλεκτρολόγων Μηχανικών ΤΕ;36;Λάρισα
184;Τ.Ε.Ι.  Ηλεκτρολόγων Μηχανικών ΤΕ;46;Πάτρα
184;Τ.Ε.Ι.  Ηλεκτρολόγων Μηχανικών ΤΕ;48;Πειραιάς
184;Τ.Ε.Ι.  Ηλεκτρολόγων Μηχανικών ΤΕ;63;Χαλκίδα
184;Τ.Ε.Ι.  Ηλεκτρολόγων Μηχανικών ΤΕ;20;Ηράκλειο
184;Τ.Ε.Ι.  Ηλεκτρολόγων Μηχανικών ΤΕ;25;Καβάλα
184;Τ.Ε.Ι.  Ηλεκτρολόγων Μηχανικών ΤΕ;32;Κοζάνη
184;Τ.Ε.Ι.  Ηλεκτρολόγων Μηχανικών ΤΕ;36;Λάρισα
184;Τ.Ε.Ι.  Ηλεκτρολόγων Μηχανικών ΤΕ;46;Πάτρα
184;Τ.Ε.Ι.  Ηλεκτρολόγων Μηχανικών ΤΕ;48;Πειραιάς
184;Τ.Ε.Ι.  Ηλεκτρολόγων Μηχανικών ΤΕ;63;Χαλκίδα
197;Τ.Ε.Ι. Ηλεκτρονικών Μηχανικών ΤΕ;4;Αθήνα
197;Τ.Ε.Ι. Ηλεκτρονικών Μηχανικών ΤΕ;21;Θεσσαλονίκη
197;Τ.Ε.Ι. Ηλεκτρονικών Μηχανικών ΤΕ;35;Λαμία
197;Τ.Ε.Ι. Ηλεκτρονικών Μηχανικών ΤΕ;48;Πειραιάς
197;Τ.Ε.Ι. Ηλεκτρονικών Μηχανικών ΤΕ;64;Χανιά
197;Τ.Ε.Ι. Ηλεκτρονικών Μηχανικών ΤΕ;4;Αθήνα
197;Τ.Ε.Ι. Ηλεκτρονικών Μηχανικών ΤΕ;21;Θεσσαλονίκη
197;Τ.Ε.Ι. Ηλεκτρονικών Μηχανικών ΤΕ;35;Λαμία
197;Τ.Ε.Ι. Ηλεκτρονικών Μηχανικών ΤΕ;48;Πειραιάς
197;Τ.Ε.Ι. Ηλεκτρονικών Μηχανικών ΤΕ;64;Χανιά
205;Τ.Ε.Ι. Μηχανικών Αυτοματισμού ΤΕ;21;Θεσσαλονίκη
205;Τ.Ε.Ι. Μηχανικών Αυτοματισμού ΤΕ;48;Πειραιάς
205;Τ.Ε.Ι. Μηχανικών Αυτοματισμού ΤΕ;63;Χαλκίδα
206;Τ.Ε.Ι. Μηχανικών Βιοϊατρικής Τεχνολογίας ΤΕ;4;Αθήνα
126;Ναυτιλιακών Σπουδών;48;Πειραιάς
127;Ναυτιλίας & Επιχειρηματικών Υπηρεσιών;65;Χίος
126;Ναυτιλιακών Σπουδών;48;Πειραιάς
127;Ναυτιλίας & Επιχειρηματικών Υπηρεσιών;65;Χίος
126;Ναυτιλιακών Σπουδών;48;Πειραιάς
127;Ναυτιλίας & Επιχειρηματικών Υπηρεσιών;65;Χίος
43;Διοίκησης Συστημάτων Εφοδιασμού;22;Θήβα
43;Διοίκησης Συστημάτων Εφοδιασμού;29;Κατερίνη
43;Διοίκησης Συστημάτων Εφοδιασμού;22;Θήβα
43;Διοίκησης Συστημάτων Εφοδιασμού;29;Κατερίνη
43;Διοίκησης Συστημάτων Εφοδιασμού;22;Θήβα
43;Διοίκησης Συστημάτων Εφοδιασμού;29;Κατερίνη
43;Διοίκησης Συστημάτων Εφοδιασμού;22;Θήβα
43;Διοίκησης Συστημάτων Εφοδιασμού;29;Κατερίνη
191;Τ.Ε.Ι. Διοίκησης Επιχειρήσεων;1;Άγιος Νικόλαος
191;Τ.Ε.Ι. Διοίκησης Επιχειρήσεων;4;Αθήνα
191;Τ.Ε.Ι. Διοίκησης Επιχειρήσεων;14;Γρεβενά
191;Τ.Ε.Ι. Διοίκησης Επιχειρήσεων;19;Ηγουμενίτσα
191;Τ.Ε.Ι. Διοίκησης Επιχειρήσεων;20;Ηράκλειο
191;Τ.Ε.Ι. Διοίκησης Επιχειρήσεων;21;Θεσσαλονίκη
191;Τ.Ε.Ι. Διοίκησης Επιχειρήσεων;25;Καβάλα
191;Τ.Ε.Ι. Διοίκησης Επιχειρήσεων;32;Κοζάνη
191;Τ.Ε.Ι. Διοίκησης Επιχειρήσεων;36;Λάρισα
191;Τ.Ε.Ι. Διοίκησης Επιχειρήσεων;37;Λευκάδα
191;Τ.Ε.Ι. Διοίκησης Επιχειρήσεων;40;Μεσολόγγι
191;Τ.Ε.Ι. Διοίκησης Επιχειρήσεων;48;Πειραιάς
191;Τ.Ε.Ι. Διοίκησης Επιχειρήσεων;55;Σέρρες
195;Τ.Ε.Ι. Διοίκησης, Οικονομίας και Επικοινωνίας Πολιτιστικών και Τουριστικών Μονάδων;8;Άμφισσα
195;Τ.Ε.Ι. Διοίκησης, Οικονομίας και Επικοινωνίας Πολιτιστικών και Τουριστικών Μονάδων;51;Πύργος
191;Τ.Ε.Ι. Διοίκησης Επιχειρήσεων;1;Άγιος Νικόλαος
191;Τ.Ε.Ι. Διοίκησης Επιχειρήσεων;4;Αθήνα
191;Τ.Ε.Ι. Διοίκησης Επιχειρήσεων;14;Γρεβενά
191;Τ.Ε.Ι. Διοίκησης Επιχειρήσεων;19;Ηγουμενίτσα
191;Τ.Ε.Ι. Διοίκησης Επιχειρήσεων;20;Ηράκλειο
191;Τ.Ε.Ι. Διοίκησης Επιχειρήσεων;21;Θεσσαλονίκη
191;Τ.Ε.Ι. Διοίκησης Επιχειρήσεων;25;Καβάλα
191;Τ.Ε.Ι. Διοίκησης Επιχειρήσεων;32;Κοζάνη
191;Τ.Ε.Ι. Διοίκησης Επιχειρήσεων;36;Λάρισα
191;Τ.Ε.Ι. Διοίκησης Επιχειρήσεων;37;Λευκάδα
191;Τ.Ε.Ι. Διοίκησης Επιχειρήσεων;40;Μεσολόγγι
191;Τ.Ε.Ι. Διοίκησης Επιχειρήσεων;48;Πειραιάς
191;Τ.Ε.Ι. Διοίκησης Επιχειρήσεων;55;Σέρρες
195;Τ.Ε.Ι. Διοίκησης, Οικονομίας και Επικοινωνίας Πολιτιστικών και Τουριστικών Μονάδων;8;Άμφισσα
195;Τ.Ε.Ι. Διοίκησης, Οικονομίας και Επικοινωνίας Πολιτιστικών και Τουριστικών Μονάδων;51;Πύργος
191;Τ.Ε.Ι. Διοίκησης Επιχειρήσεων;1;Άγιος Νικόλαος
191;Τ.Ε.Ι. Διοίκησης Επιχειρήσεων;4;Αθήνα
191;Τ.Ε.Ι. Διοίκησης Επιχειρήσεων;14;Γρεβενά
191;Τ.Ε.Ι. Διοίκησης Επιχειρήσεων;19;Ηγουμενίτσα
191;Τ.Ε.Ι. Διοίκησης Επιχειρήσεων;20;Ηράκλειο
191;Τ.Ε.Ι. Διοίκησης Επιχειρήσεων;21;Θεσσαλονίκη
191;Τ.Ε.Ι. Διοίκησης Επιχειρήσεων;25;Καβάλα
191;Τ.Ε.Ι. Διοίκησης Επιχειρήσεων;32;Κοζάνη
191;Τ.Ε.Ι. Διοίκησης Επιχειρήσεων;36;Λάρισα
191;Τ.Ε.Ι. Διοίκησης Επιχειρήσεων;37;Λευκάδα
191;Τ.Ε.Ι. Διοίκησης Επιχειρήσεων;40;Μεσολόγγι
191;Τ.Ε.Ι. Διοίκησης Επιχειρήσεων;48;Πειραιάς
191;Τ.Ε.Ι. Διοίκησης Επιχειρήσεων;55;Σέρρες
195;Τ.Ε.Ι. Διοίκησης, Οικονομίας και Επικοινωνίας Πολιτιστικών και Τουριστικών Μονάδων;8;Άμφισσα
195;Τ.Ε.Ι. Διοίκησης, Οικονομίας και Επικοινωνίας Πολιτιστικών και Τουριστικών Μονάδων;51;Πύργος
191;Τ.Ε.Ι. Διοίκησης Επιχειρήσεων;1;Άγιος Νικόλαος
191;Τ.Ε.Ι. Διοίκησης Επιχειρήσεων;4;Αθήνα
191;Τ.Ε.Ι. Διοίκησης Επιχειρήσεων;14;Γρεβενά
191;Τ.Ε.Ι. Διοίκησης Επιχειρήσεων;19;Ηγουμενίτσα
191;Τ.Ε.Ι. Διοίκησης Επιχειρήσεων;20;Ηράκλειο
191;Τ.Ε.Ι. Διοίκησης Επιχειρήσεων;21;Θεσσαλονίκη
191;Τ.Ε.Ι. Διοίκησης Επιχειρήσεων;25;Καβάλα
191;Τ.Ε.Ι. Διοίκησης Επιχειρήσεων;32;Κοζάνη
191;Τ.Ε.Ι. Διοίκησης Επιχειρήσεων;36;Λάρισα
191;Τ.Ε.Ι. Διοίκησης Επιχειρήσεων;37;Λευκάδα
191;Τ.Ε.Ι. Διοίκησης Επιχειρήσεων;40;Μεσολόγγι
191;Τ.Ε.Ι. Διοίκησης Επιχειρήσεων;48;Πειραιάς
191;Τ.Ε.Ι. Διοίκησης Επιχειρήσεων;55;Σέρρες
195;Τ.Ε.Ι. Διοίκησης, Οικονομίας και Επικοινωνίας Πολιτιστικών και Τουριστικών Μονάδων;8;Άμφισσα
195;Τ.Ε.Ι. Διοίκησης, Οικονομίας και Επικοινωνίας Πολιτιστικών και Τουριστικών Μονάδων;51;Πύργος
191;Τ.Ε.Ι. Διοίκησης Επιχειρήσεων;1;Άγιος Νικόλαος
191;Τ.Ε.Ι. Διοίκησης Επιχειρήσεων;4;Αθήνα
191;Τ.Ε.Ι. Διοίκησης Επιχειρήσεων;14;Γρεβενά
191;Τ.Ε.Ι. Διοίκησης Επιχειρήσεων;19;Ηγουμενίτσα
191;Τ.Ε.Ι. Διοίκησης Επιχειρήσεων;20;Ηράκλειο
191;Τ.Ε.Ι. Διοίκησης Επιχειρήσεων;21;Θεσσαλονίκη
191;Τ.Ε.Ι. Διοίκησης Επιχειρήσεων;25;Καβάλα
191;Τ.Ε.Ι. Διοίκησης Επιχειρήσεων;32;Κοζάνη
191;Τ.Ε.Ι. Διοίκησης Επιχειρήσεων;36;Λάρισα
191;Τ.Ε.Ι. Διοίκησης Επιχειρήσεων;37;Λευκάδα
191;Τ.Ε.Ι. Διοίκησης Επιχειρήσεων;40;Μεσολόγγι
191;Τ.Ε.Ι. Διοίκησης Επιχειρήσεων;48;Πειραιάς
191;Τ.Ε.Ι. Διοίκησης Επιχειρήσεων;55;Σέρρες
195;Τ.Ε.Ι. Διοίκησης, Οικονομίας και Επικοινωνίας Πολιτιστικών και Τουριστικών Μονάδων;8;Άμφισσα
195;Τ.Ε.Ι. Διοίκησης, Οικονομίας και Επικοινωνίας Πολιτιστικών και Τουριστικών Μονάδων;51;Πύργος
191;Τ.Ε.Ι. Διοίκησης Επιχειρήσεων;1;Άγιος Νικόλαος
191;Τ.Ε.Ι. Διοίκησης Επιχειρήσεων;4;Αθήνα
191;Τ.Ε.Ι. Διοίκησης Επιχειρήσεων;14;Γρεβενά
191;Τ.Ε.Ι. Διοίκησης Επιχειρήσεων;19;Ηγουμενίτσα
191;Τ.Ε.Ι. Διοίκησης Επιχειρήσεων;20;Ηράκλειο
191;Τ.Ε.Ι. Διοίκησης Επιχειρήσεων;21;Θεσσαλονίκη
191;Τ.Ε.Ι. Διοίκησης Επιχειρήσεων;25;Καβάλα
191;Τ.Ε.Ι. Διοίκησης Επιχειρήσεων;32;Κοζάνη
191;Τ.Ε.Ι. Διοίκησης Επιχειρήσεων;36;Λάρισα
191;Τ.Ε.Ι. Διοίκησης Επιχειρήσεων;37;Λευκάδα
191;Τ.Ε.Ι. Διοίκησης Επιχειρήσεων;40;Μεσολόγγι
191;Τ.Ε.Ι. Διοίκησης Επιχειρήσεων;48;Πειραιάς
191;Τ.Ε.Ι. Διοίκησης Επιχειρήσεων;55;Σέρρες
195;Τ.Ε.Ι. Διοίκησης, Οικονομίας και Επικοινωνίας Πολιτιστικών και Τουριστικών Μονάδων;8;Άμφισσα
195;Τ.Ε.Ι. Διοίκησης, Οικονομίας και Επικοινωνίας Πολιτιστικών και Τουριστικών Μονάδων;51;Πύργος
7;Ανώτερες Σχολές Τουριστικής Εκπαίδευσης (Α.Σ.Τ.Ε.);1;Άγιος Νικόλαος
7;Ανώτερες Σχολές Τουριστικής Εκπαίδευσης (Α.Σ.Τ.Ε.);1;Άγιος Νικόλαος
7;Ανώτερες Σχολές Τουριστικής Εκπαίδευσης (Α.Σ.Τ.Ε.);1;Άγιος Νικόλαος
7;Ανώτερες Σχολές Τουριστικής Εκπαίδευσης (Α.Σ.Τ.Ε.);1;Άγιος Νικόλαος
96;Λογιστικής & Χρηματοοικονομικής;4;Αθήνα
96;Λογιστικής & Χρηματοοικονομικής;21;Θεσσαλονίκη
202;Τ.Ε.Ι. Λογιστικής και Χρηματοοικονομικής;20;Ηράκλειο
202;Τ.Ε.Ι. Λογιστικής και Χρηματοοικονομικής;21;Θεσσαλονίκη
202;Τ.Ε.Ι. Λογιστικής και Χρηματοοικονομικής;25;Καβάλα
202;Τ.Ε.Ι. Λογιστικής και Χρηματοοικονομικής;26;Καλαμάτα
202;Τ.Ε.Ι. Λογιστικής και Χρηματοοικονομικής;32;Κοζάνη
202;Τ.Ε.Ι. Λογιστικής και Χρηματοοικονομικής;36;Λάρισα
202;Τ.Ε.Ι. Λογιστικής και Χρηματοοικονομικής;40;Μεσολόγγι
202;Τ.Ε.Ι. Λογιστικής και Χρηματοοικονομικής;48;Πειραιάς
202;Τ.Ε.Ι. Λογιστικής και Χρηματοοικονομικής;49;Πρέβεζα
202;Τ.Ε.Ι. Λογιστικής και Χρηματοοικονομικής;55;Σέρρες
202;Τ.Ε.Ι. Λογιστικής και Χρηματοοικονομικής;63;Χαλκίδα
242;Χρηματοοικονομικής & Τραπεζικής Διοικητικής;48;Πειραιάς
96;Λογιστικής & Χρηματοοικονομικής;4;Αθήνα
96;Λογιστικής & Χρηματοοικονομικής;21;Θεσσαλονίκη
202;Τ.Ε.Ι. Λογιστικής και Χρηματοοικονομικής;20;Ηράκλειο
202;Τ.Ε.Ι. Λογιστικής και Χρηματοοικονομικής;21;Θεσσαλονίκη
202;Τ.Ε.Ι. Λογιστικής και Χρηματοοικονομικής;25;Καβάλα
202;Τ.Ε.Ι. Λογιστικής και Χρηματοοικονομικής;26;Καλαμάτα
202;Τ.Ε.Ι. Λογιστικής και Χρηματοοικονομικής;32;Κοζάνη
202;Τ.Ε.Ι. Λογιστικής και Χρηματοοικονομικής;36;Λάρισα
202;Τ.Ε.Ι. Λογιστικής και Χρηματοοικονομικής;40;Μεσολόγγι
202;Τ.Ε.Ι. Λογιστικής και Χρηματοοικονομικής;48;Πειραιάς
202;Τ.Ε.Ι. Λογιστικής και Χρηματοοικονομικής;49;Πρέβεζα
202;Τ.Ε.Ι. Λογιστικής και Χρηματοοικονομικής;55;Σέρρες
202;Τ.Ε.Ι. Λογιστικής και Χρηματοοικονομικής;63;Χαλκίδα
242;Χρηματοοικονομικής & Τραπεζικής Διοικητικής;48;Πειραιάς
96;Λογιστικής & Χρηματοοικονομικής;4;Αθήνα
96;Λογιστικής & Χρηματοοικονομικής;21;Θεσσαλονίκη
202;Τ.Ε.Ι. Λογιστικής και Χρηματοοικονομικής;20;Ηράκλειο
202;Τ.Ε.Ι. Λογιστικής και Χρηματοοικονομικής;21;Θεσσαλονίκη
202;Τ.Ε.Ι. Λογιστικής και Χρηματοοικονομικής;25;Καβάλα
202;Τ.Ε.Ι. Λογιστικής και Χρηματοοικονομικής;26;Καλαμάτα
202;Τ.Ε.Ι. Λογιστικής και Χρηματοοικονομικής;32;Κοζάνη
202;Τ.Ε.Ι. Λογιστικής και Χρηματοοικονομικής;36;Λάρισα
202;Τ.Ε.Ι. Λογιστικής και Χρηματοοικονομικής;40;Μεσολόγγι
202;Τ.Ε.Ι. Λογιστικής και Χρηματοοικονομικής;48;Πειραιάς
202;Τ.Ε.Ι. Λογιστικής και Χρηματοοικονομικής;49;Πρέβεζα
202;Τ.Ε.Ι. Λογιστικής και Χρηματοοικονομικής;55;Σέρρες
202;Τ.Ε.Ι. Λογιστικής και Χρηματοοικονομικής;63;Χαλκίδα
242;Χρηματοοικονομικής & Τραπεζικής Διοικητικής;48;Πειραιάς
96;Λογιστικής & Χρηματοοικονομικής;4;Αθήνα
96;Λογιστικής & Χρηματοοικονομικής;21;Θεσσαλονίκη
202;Τ.Ε.Ι. Λογιστικής και Χρηματοοικονομικής;20;Ηράκλειο
202;Τ.Ε.Ι. Λογιστικής και Χρηματοοικονομικής;21;Θεσσαλονίκη
202;Τ.Ε.Ι. Λογιστικής και Χρηματοοικονομικής;25;Καβάλα
202;Τ.Ε.Ι. Λογιστικής και Χρηματοοικονομικής;26;Καλαμάτα
202;Τ.Ε.Ι. Λογιστικής και Χρηματοοικονομικής;32;Κοζάνη
202;Τ.Ε.Ι. Λογιστικής και Χρηματοοικονομικής;36;Λάρισα
202;Τ.Ε.Ι. Λογιστικής και Χρηματοοικονομικής;40;Μεσολόγγι
202;Τ.Ε.Ι. Λογιστικής και Χρηματοοικονομικής;48;Πειραιάς
202;Τ.Ε.Ι. Λογιστικής και Χρηματοοικονομικής;49;Πρέβεζα
202;Τ.Ε.Ι. Λογιστικής και Χρηματοοικονομικής;55;Σέρρες
202;Τ.Ε.Ι. Λογιστικής και Χρηματοοικονομικής;63;Χαλκίδα
242;Χρηματοοικονομικής & Τραπεζικής Διοικητικής;48;Πειραιάς
96;Λογιστικής & Χρηματοοικονομικής;4;Αθήνα
96;Λογιστικής & Χρηματοοικονομικής;21;Θεσσαλονίκη
202;Τ.Ε.Ι. Λογιστικής και Χρηματοοικονομικής;20;Ηράκλειο
202;Τ.Ε.Ι. Λογιστικής και Χρηματοοικονομικής;21;Θεσσαλονίκη
202;Τ.Ε.Ι. Λογιστικής και Χρηματοοικονομικής;25;Καβάλα
202;Τ.Ε.Ι. Λογιστικής και Χρηματοοικονομικής;26;Καλαμάτα
202;Τ.Ε.Ι. Λογιστικής και Χρηματοοικονομικής;32;Κοζάνη
202;Τ.Ε.Ι. Λογιστικής και Χρηματοοικονομικής;36;Λάρισα
202;Τ.Ε.Ι. Λογιστικής και Χρηματοοικονομικής;40;Μεσολόγγι
202;Τ.Ε.Ι. Λογιστικής και Χρηματοοικονομικής;48;Πειραιάς
202;Τ.Ε.Ι. Λογιστικής και Χρηματοοικονομικής;49;Πρέβεζα
202;Τ.Ε.Ι. Λογιστικής και Χρηματοοικονομικής;55;Σέρρες
202;Τ.Ε.Ι. Λογιστικής και Χρηματοοικονομικής;63;Χαλκίδα
242;Χρηματοοικονομικής & Τραπεζικής Διοικητικής;48;Πειραιάς
96;Λογιστικής & Χρηματοοικονομικής;4;Αθήνα
96;Λογιστικής & Χρηματοοικονομικής;21;Θεσσαλονίκη
202;Τ.Ε.Ι. Λογιστικής και Χρηματοοικονομικής;20;Ηράκλειο
202;Τ.Ε.Ι. Λογιστικής και Χρηματοοικονομικής;21;Θεσσαλονίκη
202;Τ.Ε.Ι. Λογιστικής και Χρηματοοικονομικής;25;Καβάλα
202;Τ.Ε.Ι. Λογιστικής και Χρηματοοικονομικής;26;Καλαμάτα
202;Τ.Ε.Ι. Λογιστικής και Χρηματοοικονομικής;32;Κοζάνη
202;Τ.Ε.Ι. Λογιστικής και Χρηματοοικονομικής;36;Λάρισα
202;Τ.Ε.Ι. Λογιστικής και Χρηματοοικονομικής;40;Μεσολόγγι
202;Τ.Ε.Ι. Λογιστικής και Χρηματοοικονομικής;48;Πειραιάς
202;Τ.Ε.Ι. Λογιστικής και Χρηματοοικονομικής;49;Πρέβεζα
202;Τ.Ε.Ι. Λογιστικής και Χρηματοοικονομικής;55;Σέρρες
202;Τ.Ε.Ι. Λογιστικής και Χρηματοοικονομικής;63;Χαλκίδα
242;Χρηματοοικονομικής & Τραπεζικής Διοικητικής;48;Πειραιάς
96;Λογιστικής & Χρηματοοικονομικής;4;Αθήνα
96;Λογιστικής & Χρηματοοικονομικής;21;Θεσσαλονίκη
202;Τ.Ε.Ι. Λογιστικής και Χρηματοοικονομικής;20;Ηράκλειο
202;Τ.Ε.Ι. Λογιστικής και Χρηματοοικονομικής;21;Θεσσαλονίκη
202;Τ.Ε.Ι. Λογιστικής και Χρηματοοικονομικής;25;Καβάλα
202;Τ.Ε.Ι. Λογιστικής και Χρηματοοικονομικής;26;Καλαμάτα
202;Τ.Ε.Ι. Λογιστικής και Χρηματοοικονομικής;32;Κοζάνη
202;Τ.Ε.Ι. Λογιστικής και Χρηματοοικονομικής;36;Λάρισα
202;Τ.Ε.Ι. Λογιστικής και Χρηματοοικονομικής;40;Μεσολόγγι
202;Τ.Ε.Ι. Λογιστικής και Χρηματοοικονομικής;48;Πειραιάς
202;Τ.Ε.Ι. Λογιστικής και Χρηματοοικονομικής;49;Πρέβεζα
202;Τ.Ε.Ι. Λογιστικής και Χρηματοοικονομικής;55;Σέρρες
202;Τ.Ε.Ι. Λογιστικής και Χρηματοοικονομικής;63;Χαλκίδα
242;Χρηματοοικονομικής & Τραπεζικής Διοικητικής;48;Πειραιάς
170;Στατιστικής;4;Αθήνα
170;Στατιστικής;54;Σάμος
171;Στατιστικής & Ασφαλιστικής Επιστήμης;48;Πειραιάς
170;Στατιστικής;4;Αθήνα
170;Στατιστικής;54;Σάμος
171;Στατιστικής & Ασφαλιστικής Επιστήμης;48;Πειραιάς
170;Στατιστικής;4;Αθήνα
170;Στατιστικής;54;Σάμος
171;Στατιστικής & Ασφαλιστικής Επιστήμης;48;Πειραιάς
132;Οικιακής Οικονομίας & Οικολογίας;4;Αθήνα
133;Οικονομικής & Περιφερειακής Ανάπτυξης;4;Αθήνα
133;Οικονομικής & Περιφερειακής Ανάπτυξης;4;Αθήνα
134;Οικονομικής Επιστήμης;4;Αθήνα
134;Οικονομικής Επιστήμης;48;Πειραιάς
135;Οικονομικών Επιστημών;4;Αθήνα
135;Οικονομικών Επιστημών;13;Βόλος
135;Οικονομικών Επιστημών;21;Θεσσαλονίκη
135;Οικονομικών Επιστημών;24;Ιωάννινα
135;Οικονομικών Επιστημών;33;Κομοτηνή
135;Οικονομικών Επιστημών;46;Πάτρα
135;Οικονομικών Επιστημών;52;Ρεθύμνο
135;Οικονομικών Επιστημών;61;Τρίπολη
134;Οικονομικής Επιστήμης;4;Αθήνα
134;Οικονομικής Επιστήμης;48;Πειραιάς
135;Οικονομικών Επιστημών;4;Αθήνα
135;Οικονομικών Επιστημών;13;Βόλος
135;Οικονομικών Επιστημών;21;Θεσσαλονίκη
135;Οικονομικών Επιστημών;24;Ιωάννινα
135;Οικονομικών Επιστημών;33;Κομοτηνή
135;Οικονομικών Επιστημών;46;Πάτρα
135;Οικονομικών Επιστημών;52;Ρεθύμνο
135;Οικονομικών Επιστημών;61;Τρίπολη
134;Οικονομικής Επιστήμης;4;Αθήνα
134;Οικονομικής Επιστήμης;48;Πειραιάς
135;Οικονομικών Επιστημών;4;Αθήνα
135;Οικονομικών Επιστημών;13;Βόλος
135;Οικονομικών Επιστημών;21;Θεσσαλονίκη
135;Οικονομικών Επιστημών;24;Ιωάννινα
135;Οικονομικών Επιστημών;33;Κομοτηνή
135;Οικονομικών Επιστημών;46;Πάτρα
135;Οικονομικών Επιστημών;52;Ρεθύμνο
135;Οικονομικών Επιστημών;61;Τρίπολη
134;Οικονομικής Επιστήμης;4;Αθήνα
134;Οικονομικής Επιστήμης;48;Πειραιάς
135;Οικονομικών Επιστημών;4;Αθήνα
135;Οικονομικών Επιστημών;13;Βόλος
135;Οικονομικών Επιστημών;21;Θεσσαλονίκη
135;Οικονομικών Επιστημών;24;Ιωάννινα
135;Οικονομικών Επιστημών;33;Κομοτηνή
135;Οικονομικών Επιστημών;46;Πάτρα
135;Οικονομικών Επιστημών;52;Ρεθύμνο
135;Οικονομικών Επιστημών;61;Τρίπολη
137;Οργάνωσης & Διοίκησης Επιχειρήσεων;4;Αθήνα
137;Οργάνωσης & Διοίκησης Επιχειρήσεων;21;Θεσσαλονίκη
137;Οργάνωσης & Διοίκησης Επιχειρήσεων;48;Πειραιάς
137;Οργάνωσης & Διοίκησης Επιχειρήσεων;4;Αθήνα
137;Οργάνωσης & Διοίκησης Επιχειρήσεων;21;Θεσσαλονίκη
137;Οργάνωσης & Διοίκησης Επιχειρήσεων;48;Πειραιάς
137;Οργάνωσης & Διοίκησης Επιχειρήσεων;4;Αθήνα
137;Οργάνωσης & Διοίκησης Επιχειρήσεων;21;Θεσσαλονίκη
137;Οργάνωσης & Διοίκησης Επιχειρήσεων;48;Πειραιάς
191;Τ.Ε.Ι. Διοίκησης Επιχειρήσεων;1;Άγιος Νικόλαος
191;Τ.Ε.Ι. Διοίκησης Επιχειρήσεων;4;Αθήνα
191;Τ.Ε.Ι. Διοίκησης Επιχειρήσεων;14;Γρεβενά
191;Τ.Ε.Ι. Διοίκησης Επιχειρήσεων;19;Ηγουμενίτσα
191;Τ.Ε.Ι. Διοίκησης Επιχειρήσεων;20;Ηράκλειο
191;Τ.Ε.Ι. Διοίκησης Επιχειρήσεων;21;Θεσσαλονίκη
191;Τ.Ε.Ι. Διοίκησης Επιχειρήσεων;25;Καβάλα
191;Τ.Ε.Ι. Διοίκησης Επιχειρήσεων;32;Κοζάνη
191;Τ.Ε.Ι. Διοίκησης Επιχειρήσεων;36;Λάρισα
191;Τ.Ε.Ι. Διοίκησης Επιχειρήσεων;37;Λευκάδα
191;Τ.Ε.Ι. Διοίκησης Επιχειρήσεων;40;Μεσολόγγι
191;Τ.Ε.Ι. Διοίκησης Επιχειρήσεων;48;Πειραιάς
191;Τ.Ε.Ι. Διοίκησης Επιχειρήσεων;55;Σέρρες
191;Τ.Ε.Ι. Διοίκησης Επιχειρήσεων;1;Άγιος Νικόλαος
191;Τ.Ε.Ι. Διοίκησης Επιχειρήσεων;4;Αθήνα
191;Τ.Ε.Ι. Διοίκησης Επιχειρήσεων;14;Γρεβενά
191;Τ.Ε.Ι. Διοίκησης Επιχειρήσεων;19;Ηγουμενίτσα
191;Τ.Ε.Ι. Διοίκησης Επιχειρήσεων;20;Ηράκλειο
191;Τ.Ε.Ι. Διοίκησης Επιχειρήσεων;21;Θεσσαλονίκη
191;Τ.Ε.Ι. Διοίκησης Επιχειρήσεων;25;Καβάλα
191;Τ.Ε.Ι. Διοίκησης Επιχειρήσεων;32;Κοζάνη
191;Τ.Ε.Ι. Διοίκησης Επιχειρήσεων;36;Λάρισα
191;Τ.Ε.Ι. Διοίκησης Επιχειρήσεων;37;Λευκάδα
191;Τ.Ε.Ι. Διοίκησης Επιχειρήσεων;40;Μεσολόγγι
191;Τ.Ε.Ι. Διοίκησης Επιχειρήσεων;48;Πειραιάς
191;Τ.Ε.Ι. Διοίκησης Επιχειρήσεων;55;Σέρρες
191;Τ.Ε.Ι. Διοίκησης Επιχειρήσεων;1;Άγιος Νικόλαος
191;Τ.Ε.Ι. Διοίκησης Επιχειρήσεων;4;Αθήνα
191;Τ.Ε.Ι. Διοίκησης Επιχειρήσεων;14;Γρεβενά
191;Τ.Ε.Ι. Διοίκησης Επιχειρήσεων;19;Ηγουμενίτσα
191;Τ.Ε.Ι. Διοίκησης Επιχειρήσεων;20;Ηράκλειο
191;Τ.Ε.Ι. Διοίκησης Επιχειρήσεων;21;Θεσσαλονίκη
191;Τ.Ε.Ι. Διοίκησης Επιχειρήσεων;25;Καβάλα
191;Τ.Ε.Ι. Διοίκησης Επιχειρήσεων;32;Κοζάνη
191;Τ.Ε.Ι. Διοίκησης Επιχειρήσεων;36;Λάρισα
191;Τ.Ε.Ι. Διοίκησης Επιχειρήσεων;37;Λευκάδα
191;Τ.Ε.Ι. Διοίκησης Επιχειρήσεων;40;Μεσολόγγι
191;Τ.Ε.Ι. Διοίκησης Επιχειρήσεων;48;Πειραιάς
191;Τ.Ε.Ι. Διοίκησης Επιχειρήσεων;55;Σέρρες
42;Διοίκησης Επιχειρήσεων Αγροτικών Προϊόντων & Τροφίμων;3;Αγρίνιο
98;Μάρκετινγκ & Επικοινωνίας;4;Αθήνα
98;Μάρκετινγκ & Επικοινωνίας;4;Αθήνα
136;Οργάνωσης & Διαχείρισης Αθλητισμού;57;Σπάρτη
136;Οργάνωσης & Διαχείρισης Αθλητισμού;57;Σπάρτη
192;Τ.Ε.Ι. Διοίκησης Επιχειρήσεων - Διοίκηση Μονάδων Υγείας και Πρόνοιας;4;Αθήνα
193;Τ.Ε.Ι. Διοίκησης Επιχειρήσεων & Οργανισμών - Διοίκηση Μονάδων Υγείας και Πρόνοιας;26;Καλαμάτα
192;Τ.Ε.Ι. Διοίκησης Επιχειρήσεων - Διοίκηση Μονάδων Υγείας και Πρόνοιας;4;Αθήνα
193;Τ.Ε.Ι. Διοίκησης Επιχειρήσεων & Οργανισμών - Διοίκηση Μονάδων Υγείας και Πρόνοιας;26;Καλαμάτα
18;Βιομηχανικής Διοίκησης και Τεχνολογίας;48;Πειραιάς
41;Διοίκησης Επιχειρήσεων;46;Πάτρα
41;Διοίκησης Επιχειρήσεων;65;Χίος
107;Μηχανικών Οικονομίας & Διοίκησης;65;Χίος
18;Βιομηχανικής Διοίκησης και Τεχνολογίας;48;Πειραιάς
41;Διοίκησης Επιχειρήσεων;46;Πάτρα
41;Διοίκησης Επιχειρήσεων;65;Χίος
107;Μηχανικών Οικονομίας & Διοίκησης;65;Χίος
194;Τ.Ε.Ι. Διοίκησης Επιχειρήσεων & Οργανισμών - Τοπικής Αυτοδιοίκησης;26;Καλαμάτα
58;Επιστήμης Υπολογιστών;20;Ηράκλειο
145;Πληροφορικής;4;Αθήνα
145;Πληροφορικής;21;Θεσσαλονίκη
145;Πληροφορικής;30;Κέρκυρα
145;Πληροφορικής;48;Πειραιάς
58;Επιστήμης Υπολογιστών;20;Ηράκλειο
145;Πληροφορικής;4;Αθήνα
145;Πληροφορικής;21;Θεσσαλονίκη
145;Πληροφορικής;30;Κέρκυρα
145;Πληροφορικής;48;Πειραιάς
58;Επιστήμης Υπολογιστών;20;Ηράκλειο
145;Πληροφορικής;4;Αθήνα
145;Πληροφορικής;21;Θεσσαλονίκη
145;Πληροφορικής;30;Κέρκυρα
145;Πληροφορικής;48;Πειραιάς
58;Επιστήμης Υπολογιστών;20;Ηράκλειο
145;Πληροφορικής;4;Αθήνα
145;Πληροφορικής;21;Θεσσαλονίκη
145;Πληροφορικής;30;Κέρκυρα
145;Πληροφορικής;48;Πειραιάς
68;Εφαρμοσμένης Πληροφορικής;21;Θεσσαλονίκη
68;Εφαρμοσμένης Πληροφορικής;21;Θεσσαλονίκη
103;Μηχανικών Η/Υ & Πληροφορικής;24;Ιωάννινα
103;Μηχανικών Η/Υ & Πληροφορικής;46;Πάτρα
104;Μηχανικών Ηλεκτρονικών Υπολογιστικών Συστημάτων;48;Πειραιάς
111;Μηχανικών Πληροφοριακών & Επικοινωνιακών Συστημάτων;54;Σάμος
112;Μηχανικών Πληροφορικής & Τηλεπικοινωνιών;32;Κοζάνη
209;Τ.Ε.Ι. Μηχανικών Πληροφορικής Τ.Ε.;4;Αθήνα
209;Τ.Ε.Ι. Μηχανικών Πληροφορικής Τ.Ε.;11;Άρτα
209;Τ.Ε.Ι. Μηχανικών Πληροφορικής Τ.Ε.;20;Ηράκλειο
209;Τ.Ε.Ι. Μηχανικών Πληροφορικής Τ.Ε.;21;Θεσσαλονίκη
209;Τ.Ε.Ι. Μηχανικών Πληροφορικής Τ.Ε.;25;Καβάλα
209;Τ.Ε.Ι. Μηχανικών Πληροφορικής Τ.Ε.;28;Καστοριά
209;Τ.Ε.Ι. Μηχανικών Πληροφορικής Τ.Ε.;35;Λαμία
209;Τ.Ε.Ι. Μηχανικών Πληροφορικής Τ.Ε.;36;Λάρισα
209;Τ.Ε.Ι. Μηχανικών Πληροφορικής Τ.Ε.;42;Ναύπακτος
209;Τ.Ε.Ι. Μηχανικών Πληροφορικής Τ.Ε.;55;Σέρρες
209;Τ.Ε.Ι. Μηχανικών Πληροφορικής Τ.Ε.;57;Σπάρτη
103;Μηχανικών Η/Υ & Πληροφορικής;24;Ιωάννινα
103;Μηχανικών Η/Υ & Πληροφορικής;46;Πάτρα
104;Μηχανικών Ηλεκτρονικών Υπολογιστικών Συστημάτων;48;Πειραιάς
111;Μηχανικών Πληροφοριακών & Επικοινωνιακών Συστημάτων;54;Σάμος
112;Μηχανικών Πληροφορικής & Τηλεπικοινωνιών;32;Κοζάνη
209;Τ.Ε.Ι. Μηχανικών Πληροφορικής Τ.Ε.;4;Αθήνα
209;Τ.Ε.Ι. Μηχανικών Πληροφορικής Τ.Ε.;11;Άρτα
209;Τ.Ε.Ι. Μηχανικών Πληροφορικής Τ.Ε.;20;Ηράκλειο
209;Τ.Ε.Ι. Μηχανικών Πληροφορικής Τ.Ε.;21;Θεσσαλονίκη
209;Τ.Ε.Ι. Μηχανικών Πληροφορικής Τ.Ε.;25;Καβάλα
209;Τ.Ε.Ι. Μηχανικών Πληροφορικής Τ.Ε.;28;Καστοριά
209;Τ.Ε.Ι. Μηχανικών Πληροφορικής Τ.Ε.;35;Λαμία
209;Τ.Ε.Ι. Μηχανικών Πληροφορικής Τ.Ε.;36;Λάρισα
209;Τ.Ε.Ι. Μηχανικών Πληροφορικής Τ.Ε.;42;Ναύπακτος
209;Τ.Ε.Ι. Μηχανικών Πληροφορικής Τ.Ε.;55;Σέρρες
209;Τ.Ε.Ι. Μηχανικών Πληροφορικής Τ.Ε.;57;Σπάρτη
103;Μηχανικών Η/Υ & Πληροφορικής;24;Ιωάννινα
103;Μηχανικών Η/Υ & Πληροφορικής;46;Πάτρα
104;Μηχανικών Ηλεκτρονικών Υπολογιστικών Συστημάτων;48;Πειραιάς
111;Μηχανικών Πληροφοριακών & Επικοινωνιακών Συστημάτων;54;Σάμος
112;Μηχανικών Πληροφορικής & Τηλεπικοινωνιών;32;Κοζάνη
209;Τ.Ε.Ι. Μηχανικών Πληροφορικής Τ.Ε.;4;Αθήνα
209;Τ.Ε.Ι. Μηχανικών Πληροφορικής Τ.Ε.;11;Άρτα
209;Τ.Ε.Ι. Μηχανικών Πληροφορικής Τ.Ε.;20;Ηράκλειο
209;Τ.Ε.Ι. Μηχανικών Πληροφορικής Τ.Ε.;21;Θεσσαλονίκη
209;Τ.Ε.Ι. Μηχανικών Πληροφορικής Τ.Ε.;25;Καβάλα
209;Τ.Ε.Ι. Μηχανικών Πληροφορικής Τ.Ε.;28;Καστοριά
209;Τ.Ε.Ι. Μηχανικών Πληροφορικής Τ.Ε.;35;Λαμία
209;Τ.Ε.Ι. Μηχανικών Πληροφορικής Τ.Ε.;36;Λάρισα
209;Τ.Ε.Ι. Μηχανικών Πληροφορικής Τ.Ε.;42;Ναύπακτος
209;Τ.Ε.Ι. Μηχανικών Πληροφορικής Τ.Ε.;55;Σέρρες
209;Τ.Ε.Ι. Μηχανικών Πληροφορικής Τ.Ε.;57;Σπάρτη
146;Πληροφορικής & Τηλεματικής;4;Αθήνα
147;Πληροφορικής & Τηλεπικοινωνιών;4;Αθήνα
147;Πληροφορικής & Τηλεπικοινωνιών;61;Τρίπολη
146;Πληροφορικής & Τηλεματικής;4;Αθήνα
147;Πληροφορικής & Τηλεπικοινωνιών;4;Αθήνα
147;Πληροφορικής & Τηλεπικοινωνιών;61;Τρίπολη
148;Πληροφορικής με Εφαρμογές στη Βιοϊατρική;35;Λαμία
148;Πληροφορικής με Εφαρμογές στη Βιοϊατρική;35;Λαμία
245;Ψηφιακών Συστημάτων;48;Πειραιάς
245;Ψηφιακών Συστημάτων;48;Πειραιάς
24;Γεωλογίας;21;Θεσσαλονίκη
24;Γεωλογίας;46;Πάτρα
25;Γεωλογίας και Γεωπεριβάλλοντος;4;Αθήνα
24;Γεωλογίας;21;Θεσσαλονίκη
24;Γεωλογίας;46;Πάτρα
25;Γεωλογίας και Γεωπεριβάλλοντος;4;Αθήνα
24;Γεωλογίας;21;Θεσσαλονίκη
24;Γεωλογίας;46;Πάτρα
25;Γεωλογίας και Γεωπεριβάλλοντος;4;Αθήνα
23;Γεωγραφίας;4;Αθήνα
23;Γεωγραφίας;41;Μυτιλήνη
23;Γεωγραφίας;4;Αθήνα
23;Γεωγραφίας;41;Μυτιλήνη
30;Δασολογίας & Διαχείρισης Περιβάλλοντος & Φυσικών Πόρων;45;Ορεστιάδα
31;Δασολογίας & Φυσικού Περιβάλλοντος;21;Θεσσαλονίκη
35;Διαχείρισης Περιβάλλοντος & Φυσικών Πόρων;3;Αγρίνιο
30;Δασολογίας & Διαχείρισης Περιβάλλοντος & Φυσικών Πόρων;45;Ορεστιάδα
31;Δασολογίας & Φυσικού Περιβάλλοντος;21;Θεσσαλονίκη
35;Διαχείρισης Περιβάλλοντος & Φυσικών Πόρων;3;Αγρίνιο
143;Περιβάλλοντος Αιγαίου;41;Μυτιλήνη
30;Δασολογίας & Διαχείρισης Περιβάλλοντος & Φυσικών Πόρων;45;Ορεστιάδα
31;Δασολογίας & Φυσικού Περιβάλλοντος;21;Θεσσαλονίκη
35;Διαχείρισης Περιβάλλοντος & Φυσικών Πόρων;3;Αγρίνιο
143;Περιβάλλοντος Αιγαίου;41;Μυτιλήνη
30;Δασολογίας & Διαχείρισης Περιβάλλοντος & Φυσικών Πόρων;45;Ορεστιάδα
31;Δασολογίας & Φυσικού Περιβάλλοντος;21;Θεσσαλονίκη
32;Δασοπονίας και Διαχείρισης Φυσικού Περιβάλλοντος;9;Ανατ. Μακεδονία
32;Δασοπονίας και Διαχείρισης Φυσικού Περιβάλλοντος;23;Θράκη
32;Δασοπονίας και Διαχείρισης Φυσικού Περιβάλλοντος;58;Στερεά Ελλάδα
35;Διαχείρισης Περιβάλλοντος & Φυσικών Πόρων;3;Αγρίνιο
30;Δασολογίας & Διαχείρισης Περιβάλλοντος & Φυσικών Πόρων;45;Ορεστιάδα
31;Δασολογίας & Φυσικού Περιβάλλοντος;21;Θεσσαλονίκη
32;Δασοπονίας και Διαχείρισης Φυσικού Περιβάλλοντος;9;Ανατ. Μακεδονία
32;Δασοπονίας και Διαχείρισης Φυσικού Περιβάλλοντος;23;Θράκη
32;Δασοπονίας και Διαχείρισης Φυσικού Περιβάλλοντος;58;Στερεά Ελλάδα
35;Διαχείρισης Περιβάλλοντος & Φυσικών Πόρων;3;Αγρίνιο
30;Δασολογίας & Διαχείρισης Περιβάλλοντος & Φυσικών Πόρων;45;Ορεστιάδα
31;Δασολογίας & Φυσικού Περιβάλλοντος;21;Θεσσαλονίκη
32;Δασοπονίας και Διαχείρισης Φυσικού Περιβάλλοντος;9;Ανατ. Μακεδονία
32;Δασοπονίας και Διαχείρισης Φυσικού Περιβάλλοντος;23;Θράκη
32;Δασοπονίας και Διαχείρισης Φυσικού Περιβάλλοντος;58;Στερεά Ελλάδα
35;Διαχείρισης Περιβάλλοντος & Φυσικών Πόρων;3;Αγρίνιο
30;Δασολογίας & Διαχείρισης Περιβάλλοντος & Φυσικών Πόρων;45;Ορεστιάδα
31;Δασολογίας & Φυσικού Περιβάλλοντος;21;Θεσσαλονίκη
32;Δασοπονίας και Διαχείρισης Φυσικού Περιβάλλοντος;9;Ανατ. Μακεδονία
32;Δασοπονίας και Διαχείρισης Φυσικού Περιβάλλοντος;23;Θράκη
32;Δασοπονίας και Διαχείρισης Φυσικού Περιβάλλοντος;58;Στερεά Ελλάδα
35;Διαχείρισης Περιβάλλοντος & Φυσικών Πόρων;3;Αγρίνιο
143;Περιβάλλοντος Αιγαίου;41;Μυτιλήνη
230;Τεχνολόγων Περιβάλλοντος;18;Ζάκυνθος
30;Δασολογίας & Διαχείρισης Περιβάλλοντος & Φυσικών Πόρων;45;Ορεστιάδα
31;Δασολογίας & Φυσικού Περιβάλλοντος;21;Θεσσαλονίκη
32;Δασοπονίας και Διαχείρισης Φυσικού Περιβάλλοντος;9;Ανατ. Μακεδονία
32;Δασοπονίας και Διαχείρισης Φυσικού Περιβάλλοντος;23;Θράκη
32;Δασοπονίας και Διαχείρισης Φυσικού Περιβάλλοντος;58;Στερεά Ελλάδα
35;Διαχείρισης Περιβάλλοντος & Φυσικών Πόρων;3;Αγρίνιο
143;Περιβάλλοντος Αιγαίου;41;Μυτιλήνη
230;Τεχνολόγων Περιβάλλοντος;18;Ζάκυνθος
30;Δασολογίας & Διαχείρισης Περιβάλλοντος & Φυσικών Πόρων;45;Ορεστιάδα
31;Δασολογίας & Φυσικού Περιβάλλοντος;21;Θεσσαλονίκη
35;Διαχείρισης Περιβάλλοντος & Φυσικών Πόρων;3;Αγρίνιο
143;Περιβάλλοντος Αιγαίου;41;Μυτιλήνη
230;Τεχνολόγων Περιβάλλοντος;18;Ζάκυνθος
108;Μηχανικών Ορυκτών Πόρων;64;Χανιά
250;Μηχανικών Αντιρρύπανσης ΤΕ;32;Κοζάνη
101;Μηχανικών Γεωτεχνολογίας Περιβάλλοντος ΤΕ;32;Κοζάνη
110;Μηχανικών Περιβάλλοντος;44;Ξάνθη
110;Μηχανικών Περιβάλλοντος;64;Χανιά
142;Περιβάλλοντος;41;Μυτιλήνη
211;Τ.Ε.Ι. Μηχανικών Φυσικών Πόρων & Περιβάλλοντος;64;Χανιά
224;Τ.Ε.Ι. Τεχνολόγων Περιβάλλοντος;18;Ζάκυνθος
250;Μηχανικών Αντιρρύπανσης ΤΕ;32;Κοζάνη
101;Μηχανικών Γεωτεχνολογίας Περιβάλλοντος ΤΕ;32;Κοζάνη
110;Μηχανικών Περιβάλλοντος;44;Ξάνθη
110;Μηχανικών Περιβάλλοντος;64;Χανιά
142;Περιβάλλοντος;41;Μυτιλήνη
211;Τ.Ε.Ι. Μηχανικών Φυσικών Πόρων & Περιβάλλοντος;64;Χανιά
224;Τ.Ε.Ι. Τεχνολόγων Περιβάλλοντος;18;Ζάκυνθος
250;Μηχανικών Αντιρρύπανσης ΤΕ;32;Κοζάνη
101;Μηχανικών Γεωτεχνολογίας Περιβάλλοντος ΤΕ;32;Κοζάνη
110;Μηχανικών Περιβάλλοντος;44;Ξάνθη
110;Μηχανικών Περιβάλλοντος;64;Χανιά
142;Περιβάλλοντος;41;Μυτιλήνη
211;Τ.Ε.Ι. Μηχανικών Φυσικών Πόρων & Περιβάλλοντος;64;Χανιά
224;Τ.Ε.Ι. Τεχνολόγων Περιβάλλοντος;18;Ζάκυνθος
114;Τ.Ε.Ι. Μηχανικών Τεχνολογίας Πετρελαίου & Φυσικού Αερίου ΤΕ;25;Καβάλα
105;Μηχανικών Μεταλλείων - Μεταλλουργών;4;Αθήνα
207;Τ.Ε.Ι. Μηχανικών Ενεργειακής Τεχνολογίας ΤΕ;4;Αθήνα
125;Ναυπηγών Μηχανολόγων Μηχανικών;4;Αθήνα
213;Τ.Ε.Ι. Ναυπηγών Μηχανικών;4;Αθήνα
125;Ναυπηγών Μηχανολόγων Μηχανικών;4;Αθήνα
213;Τ.Ε.Ι. Ναυπηγών Μηχανικών;4;Αθήνα
118;Μηχανολόγων & Αεροναυπηγών Μηχανικών;46;Πάτρα
109;Μηχανικών Παραγωγής & Διοίκησης;44;Ξάνθη
109;Μηχανικών Παραγωγής & Διοίκησης;64;Χανιά
119;Μηχανολόγων Μηχανικών;4;Αθήνα
119;Μηχανολόγων Μηχανικών;13;Βόλος
119;Μηχανολόγων Μηχανικών;21;Θεσσαλονίκη
119;Μηχανολόγων Μηχανικών;32;Κοζάνη
185;Τ.Ε.Ι.  Μηχανολόγων Μηχανικών ΤΕ;20;Ηράκλειο
185;Τ.Ε.Ι.  Μηχανολόγων Μηχανικών ΤΕ;36;Λάρισα
185;Τ.Ε.Ι.  Μηχανολόγων Μηχανικών ΤΕ;46;Πάτρα
185;Τ.Ε.Ι.  Μηχανολόγων Μηχανικών ΤΕ;48;Πειραιάς
185;Τ.Ε.Ι.  Μηχανολόγων Μηχανικών ΤΕ;55;Σέρρες
185;Τ.Ε.Ι.  Μηχανολόγων Μηχανικών ΤΕ;63;Χαλκίδα
109;Μηχανικών Παραγωγής & Διοίκησης;44;Ξάνθη
109;Μηχανικών Παραγωγής & Διοίκησης;64;Χανιά
119;Μηχανολόγων Μηχανικών;4;Αθήνα
119;Μηχανολόγων Μηχανικών;13;Βόλος
119;Μηχανολόγων Μηχανικών;21;Θεσσαλονίκη
119;Μηχανολόγων Μηχανικών;32;Κοζάνη
185;Τ.Ε.Ι.  Μηχανολόγων Μηχανικών ΤΕ;20;Ηράκλειο
185;Τ.Ε.Ι.  Μηχανολόγων Μηχανικών ΤΕ;36;Λάρισα
185;Τ.Ε.Ι.  Μηχανολόγων Μηχανικών ΤΕ;46;Πάτρα
185;Τ.Ε.Ι.  Μηχανολόγων Μηχανικών ΤΕ;48;Πειραιάς
185;Τ.Ε.Ι.  Μηχανολόγων Μηχανικών ΤΕ;55;Σέρρες
185;Τ.Ε.Ι.  Μηχανολόγων Μηχανικών ΤΕ;63;Χαλκίδα
109;Μηχανικών Παραγωγής & Διοίκησης;44;Ξάνθη
109;Μηχανικών Παραγωγής & Διοίκησης;64;Χανιά
119;Μηχανολόγων Μηχανικών;4;Αθήνα
119;Μηχανολόγων Μηχανικών;13;Βόλος
119;Μηχανολόγων Μηχανικών;21;Θεσσαλονίκη
119;Μηχανολόγων Μηχανικών;32;Κοζάνη
185;Τ.Ε.Ι.  Μηχανολόγων Μηχανικών ΤΕ;20;Ηράκλειο
185;Τ.Ε.Ι.  Μηχανολόγων Μηχανικών ΤΕ;36;Λάρισα
185;Τ.Ε.Ι.  Μηχανολόγων Μηχανικών ΤΕ;46;Πάτρα
185;Τ.Ε.Ι.  Μηχανολόγων Μηχανικών ΤΕ;48;Πειραιάς
185;Τ.Ε.Ι.  Μηχανολόγων Μηχανικών ΤΕ;55;Σέρρες
185;Τ.Ε.Ι.  Μηχανολόγων Μηχανικών ΤΕ;63;Χαλκίδα
109;Μηχανικών Παραγωγής & Διοίκησης;44;Ξάνθη
109;Μηχανικών Παραγωγής & Διοίκησης;64;Χανιά
119;Μηχανολόγων Μηχανικών;4;Αθήνα
119;Μηχανολόγων Μηχανικών;13;Βόλος
119;Μηχανολόγων Μηχανικών;21;Θεσσαλονίκη
119;Μηχανολόγων Μηχανικών;32;Κοζάνη
185;Τ.Ε.Ι.  Μηχανολόγων Μηχανικών ΤΕ;20;Ηράκλειο
185;Τ.Ε.Ι.  Μηχανολόγων Μηχανικών ΤΕ;36;Λάρισα
185;Τ.Ε.Ι.  Μηχανολόγων Μηχανικών ΤΕ;46;Πάτρα
185;Τ.Ε.Ι.  Μηχανολόγων Μηχανικών ΤΕ;48;Πειραιάς
185;Τ.Ε.Ι.  Μηχανολόγων Μηχανικών ΤΕ;55;Σέρρες
185;Τ.Ε.Ι.  Μηχανολόγων Μηχανικών ΤΕ;63;Χαλκίδα
228;ΤΕΙ Μηχανολόγων Μηχανικών και Βιομηχανικού Σχεδιασμού;32;Κοζάνη
199;Τ.Ε.Ι. Κλωστοϋφαντουργών Μηχανικών ΤΕ;48;Πειραιάς
206;Τ.Ε.Ι. Μηχανικών Βιοϊατρικής Τεχνολογίας ΤΕ;4;Αθήνα
210;Τ.Ε.Ι. Μηχανικών Τεχνολογίας Αεροσκαφών;63;Χαλκίδα
228;ΤΕΙ Μηχανολόγων Μηχανικών και Βιομηχανικού Σχεδιασμού;32;Κοζάνη
212;Τ.Ε.Ι. Μηχανολόγων Οχημάτων;21;Θεσσαλονίκη
49;Εκπαιδευτικών Μηχανολόγων Μηχανικών Α.Σ.ΠΑΙ.Τ.Ε.;4;Αθήνα
114;Τ.Ε.Ι. Μηχανικών Τεχνολογίας Πετρελαίου & Φυσικού Αερίου ΤΕ;25;Καβάλα
162;Σ.Σ.Α.Σ. Ιατρικό;21;Θεσσαλονίκη
163;Σ.Σ.Α.Σ. Κτηνιατρικό;21;Θεσσαλονίκη
164;Σ.Σ.Α.Σ. Οδοντιατρικό;21;Θεσσαλονίκη
165;Σ.Σ.Α.Σ. Οικονομικό;21;Θεσσαλονίκη
166;Σ.Σ.Α.Σ. Στρατολογικό / Στρατιωτικών Νομικών Συμβούλων;4;Αθήνα
167;Σ.Σ.Α.Σ. Φαρμακευτικό;21;Θεσσαλονίκη
168;Σ.Σ.Α.Σ. Ψυχολογικό;21;Θεσσαλονίκη
172;Στρατιωτική Σχολή Ευελπίδων (Σ.Σ.Ε.);4;Αθήνα
176;Σχολή Αξιωματικών Νοσηλευτικής (Σ.Α.Ν.);4;Αθήνα
177;Σχολή Ικάρων (Σ.Ι.)- ΙΠΤΑΜΕΝΟΙ;4;Αθήνα
178;Σχολή Ικάρων (Σ.Ι.)- ΜΗΧΑΝΙΚΟΙ;4;Αθήνα
179;Σχολή Μονίμων Υπαξιωματικών (Σ.Μ.Υ.);4;Αθήνα
179;Σχολή Μονίμων Υπαξιωματικών (Σ.Μ.Υ.);4;Αθήνα
181;Σχολή Ναυτικών Δοκίμων (Σ.Ν.Δ.);4;Αθήνα
182;Σχολή Τεχνικών Υπαξιωματικών Αεροπορίας (Σ.Τ.Υ.Α.);4;Αθήνα
183;Σχολή Υπαξιωματικών Διοικητικών (Σ.Υ.Δ.);4;Αθήνα
162;Σ.Σ.Α.Σ. Ιατρικό;21;Θεσσαλονίκη
163;Σ.Σ.Α.Σ. Κτηνιατρικό;21;Θεσσαλονίκη
164;Σ.Σ.Α.Σ. Οδοντιατρικό;21;Θεσσαλονίκη
165;Σ.Σ.Α.Σ. Οικονομικό;21;Θεσσαλονίκη
166;Σ.Σ.Α.Σ. Στρατολογικό / Στρατιωτικών Νομικών Συμβούλων;4;Αθήνα
167;Σ.Σ.Α.Σ. Φαρμακευτικό;21;Θεσσαλονίκη
168;Σ.Σ.Α.Σ. Ψυχολογικό;21;Θεσσαλονίκη
172;Στρατιωτική Σχολή Ευελπίδων (Σ.Σ.Ε.);4;Αθήνα
176;Σχολή Αξιωματικών Νοσηλευτικής (Σ.Α.Ν.);4;Αθήνα
177;Σχολή Ικάρων (Σ.Ι.)- ΙΠΤΑΜΕΝΟΙ;4;Αθήνα
178;Σχολή Ικάρων (Σ.Ι.)- ΜΗΧΑΝΙΚΟΙ;4;Αθήνα
179;Σχολή Μονίμων Υπαξιωματικών (Σ.Μ.Υ.);4;Αθήνα
179;Σχολή Μονίμων Υπαξιωματικών (Σ.Μ.Υ.);4;Αθήνα
181;Σχολή Ναυτικών Δοκίμων (Σ.Ν.Δ.);4;Αθήνα
182;Σχολή Τεχνικών Υπαξιωματικών Αεροπορίας (Σ.Τ.Υ.Α.);4;Αθήνα
183;Σχολή Υπαξιωματικών Διοικητικών (Σ.Υ.Δ.);4;Αθήνα
162;Σ.Σ.Α.Σ. Ιατρικό;21;Θεσσαλονίκη
163;Σ.Σ.Α.Σ. Κτηνιατρικό;21;Θεσσαλονίκη
164;Σ.Σ.Α.Σ. Οδοντιατρικό;21;Θεσσαλονίκη
165;Σ.Σ.Α.Σ. Οικονομικό;21;Θεσσαλονίκη
166;Σ.Σ.Α.Σ. Στρατολογικό / Στρατιωτικών Νομικών Συμβούλων;4;Αθήνα
167;Σ.Σ.Α.Σ. Φαρμακευτικό;21;Θεσσαλονίκη
168;Σ.Σ.Α.Σ. Ψυχολογικό;21;Θεσσαλονίκη
172;Στρατιωτική Σχολή Ευελπίδων (Σ.Σ.Ε.);4;Αθήνα
176;Σχολή Αξιωματικών Νοσηλευτικής (Σ.Α.Ν.);4;Αθήνα
177;Σχολή Ικάρων (Σ.Ι.)- ΙΠΤΑΜΕΝΟΙ;4;Αθήνα
178;Σχολή Ικάρων (Σ.Ι.)- ΜΗΧΑΝΙΚΟΙ;4;Αθήνα
179;Σχολή Μονίμων Υπαξιωματικών (Σ.Μ.Υ.);4;Αθήνα
179;Σχολή Μονίμων Υπαξιωματικών (Σ.Μ.Υ.);4;Αθήνα
181;Σχολή Ναυτικών Δοκίμων (Σ.Ν.Δ.);4;Αθήνα
182;Σχολή Τεχνικών Υπαξιωματικών Αεροπορίας (Σ.Τ.Υ.Α.);4;Αθήνα
183;Σχολή Υπαξιωματικών Διοικητικών (Σ.Υ.Δ.);4;Αθήνα
162;Σ.Σ.Α.Σ. Ιατρικό;21;Θεσσαλονίκη
163;Σ.Σ.Α.Σ. Κτηνιατρικό;21;Θεσσαλονίκη
164;Σ.Σ.Α.Σ. Οδοντιατρικό;21;Θεσσαλονίκη
165;Σ.Σ.Α.Σ. Οικονομικό;21;Θεσσαλονίκη
166;Σ.Σ.Α.Σ. Στρατολογικό / Στρατιωτικών Νομικών Συμβούλων;4;Αθήνα
167;Σ.Σ.Α.Σ. Φαρμακευτικό;21;Θεσσαλονίκη
168;Σ.Σ.Α.Σ. Ψυχολογικό;21;Θεσσαλονίκη
172;Στρατιωτική Σχολή Ευελπίδων (Σ.Σ.Ε.);4;Αθήνα
176;Σχολή Αξιωματικών Νοσηλευτικής (Σ.Α.Ν.);4;Αθήνα
177;Σχολή Ικάρων (Σ.Ι.)- ΙΠΤΑΜΕΝΟΙ;4;Αθήνα
178;Σχολή Ικάρων (Σ.Ι.)- ΜΗΧΑΝΙΚΟΙ;4;Αθήνα
179;Σχολή Μονίμων Υπαξιωματικών (Σ.Μ.Υ.);4;Αθήνα
179;Σχολή Μονίμων Υπαξιωματικών (Σ.Μ.Υ.);4;Αθήνα
181;Σχολή Ναυτικών Δοκίμων (Σ.Ν.Δ.);4;Αθήνα
182;Σχολή Τεχνικών Υπαξιωματικών Αεροπορίας (Σ.Τ.Υ.Α.);4;Αθήνα
183;Σχολή Υπαξιωματικών Διοικητικών (Σ.Υ.Δ.);4;Αθήνα
162;Σ.Σ.Α.Σ. Ιατρικό;21;Θεσσαλονίκη
163;Σ.Σ.Α.Σ. Κτηνιατρικό;21;Θεσσαλονίκη
164;Σ.Σ.Α.Σ. Οδοντιατρικό;21;Θεσσαλονίκη
165;Σ.Σ.Α.Σ. Οικονομικό;21;Θεσσαλονίκη
166;Σ.Σ.Α.Σ. Στρατολογικό / Στρατιωτικών Νομικών Συμβούλων;4;Αθήνα
167;Σ.Σ.Α.Σ. Φαρμακευτικό;21;Θεσσαλονίκη
168;Σ.Σ.Α.Σ. Ψυχολογικό;21;Θεσσαλονίκη
172;Στρατιωτική Σχολή Ευελπίδων (Σ.Σ.Ε.);4;Αθήνα
176;Σχολή Αξιωματικών Νοσηλευτικής (Σ.Α.Ν.);4;Αθήνα
177;Σχολή Ικάρων (Σ.Ι.)- ΙΠΤΑΜΕΝΟΙ;4;Αθήνα
178;Σχολή Ικάρων (Σ.Ι.)- ΜΗΧΑΝΙΚΟΙ;4;Αθήνα
179;Σχολή Μονίμων Υπαξιωματικών (Σ.Μ.Υ.);4;Αθήνα
179;Σχολή Μονίμων Υπαξιωματικών (Σ.Μ.Υ.);4;Αθήνα
181;Σχολή Ναυτικών Δοκίμων (Σ.Ν.Δ.);4;Αθήνα
182;Σχολή Τεχνικών Υπαξιωματικών Αεροπορίας (Σ.Τ.Υ.Α.);4;Αθήνα
183;Σχολή Υπαξιωματικών Διοικητικών (Σ.Υ.Δ.);4;Αθήνα
162;Σ.Σ.Α.Σ. Ιατρικό;21;Θεσσαλονίκη
163;Σ.Σ.Α.Σ. Κτηνιατρικό;21;Θεσσαλονίκη
164;Σ.Σ.Α.Σ. Οδοντιατρικό;21;Θεσσαλονίκη
165;Σ.Σ.Α.Σ. Οικονομικό;21;Θεσσαλονίκη
166;Σ.Σ.Α.Σ. Στρατολογικό / Στρατιωτικών Νομικών Συμβούλων;4;Αθήνα
167;Σ.Σ.Α.Σ. Φαρμακευτικό;21;Θεσσαλονίκη
168;Σ.Σ.Α.Σ. Ψυχολογικό;21;Θεσσαλονίκη
172;Στρατιωτική Σχολή Ευελπίδων (Σ.Σ.Ε.);4;Αθήνα
176;Σχολή Αξιωματικών Νοσηλευτικής (Σ.Α.Ν.);4;Αθήνα
177;Σχολή Ικάρων (Σ.Ι.)- ΙΠΤΑΜΕΝΟΙ;4;Αθήνα
178;Σχολή Ικάρων (Σ.Ι.)- ΜΗΧΑΝΙΚΟΙ;4;Αθήνα
179;Σχολή Μονίμων Υπαξιωματικών (Σ.Μ.Υ.);4;Αθήνα
179;Σχολή Μονίμων Υπαξιωματικών (Σ.Μ.Υ.);4;Αθήνα
181;Σχολή Ναυτικών Δοκίμων (Σ.Ν.Δ.);4;Αθήνα
182;Σχολή Τεχνικών Υπαξιωματικών Αεροπορίας (Σ.Τ.Υ.Α.);4;Αθήνα
183;Σχολή Υπαξιωματικών Διοικητικών (Σ.Υ.Δ.);4;Αθήνα
162;Σ.Σ.Α.Σ. Ιατρικό;21;Θεσσαλονίκη
163;Σ.Σ.Α.Σ. Κτηνιατρικό;21;Θεσσαλονίκη
164;Σ.Σ.Α.Σ. Οδοντιατρικό;21;Θεσσαλονίκη
165;Σ.Σ.Α.Σ. Οικονομικό;21;Θεσσαλονίκη
166;Σ.Σ.Α.Σ. Στρατολογικό / Στρατιωτικών Νομικών Συμβούλων;4;Αθήνα
167;Σ.Σ.Α.Σ. Φαρμακευτικό;21;Θεσσαλονίκη
168;Σ.Σ.Α.Σ. Ψυχολογικό;21;Θεσσαλονίκη
172;Στρατιωτική Σχολή Ευελπίδων (Σ.Σ.Ε.);4;Αθήνα
176;Σχολή Αξιωματικών Νοσηλευτικής (Σ.Α.Ν.);4;Αθήνα
177;Σχολή Ικάρων (Σ.Ι.)- ΙΠΤΑΜΕΝΟΙ;4;Αθήνα
178;Σχολή Ικάρων (Σ.Ι.)- ΜΗΧΑΝΙΚΟΙ;4;Αθήνα
179;Σχολή Μονίμων Υπαξιωματικών (Σ.Μ.Υ.);4;Αθήνα
179;Σχολή Μονίμων Υπαξιωματικών (Σ.Μ.Υ.);4;Αθήνα
181;Σχολή Ναυτικών Δοκίμων (Σ.Ν.Δ.);4;Αθήνα
182;Σχολή Τεχνικών Υπαξιωματικών Αεροπορίας (Σ.Τ.Υ.Α.);4;Αθήνα
183;Σχολή Υπαξιωματικών Διοικητικών (Σ.Υ.Δ.);4;Αθήνα
162;Σ.Σ.Α.Σ. Ιατρικό;21;Θεσσαλονίκη
163;Σ.Σ.Α.Σ. Κτηνιατρικό;21;Θεσσαλονίκη
164;Σ.Σ.Α.Σ. Οδοντιατρικό;21;Θεσσαλονίκη
165;Σ.Σ.Α.Σ. Οικονομικό;21;Θεσσαλονίκη
166;Σ.Σ.Α.Σ. Στρατολογικό / Στρατιωτικών Νομικών Συμβούλων;4;Αθήνα
167;Σ.Σ.Α.Σ. Φαρμακευτικό;21;Θεσσαλονίκη
168;Σ.Σ.Α.Σ. Ψυχολογικό;21;Θεσσαλονίκη
172;Στρατιωτική Σχολή Ευελπίδων (Σ.Σ.Ε.);4;Αθήνα
176;Σχολή Αξιωματικών Νοσηλευτικής (Σ.Α.Ν.);4;Αθήνα
177;Σχολή Ικάρων (Σ.Ι.)- ΙΠΤΑΜΕΝΟΙ;4;Αθήνα
178;Σχολή Ικάρων (Σ.Ι.)- ΜΗΧΑΝΙΚΟΙ;4;Αθήνα
179;Σχολή Μονίμων Υπαξιωματικών (Σ.Μ.Υ.);4;Αθήνα
179;Σχολή Μονίμων Υπαξιωματικών (Σ.Μ.Υ.);4;Αθήνα
181;Σχολή Ναυτικών Δοκίμων (Σ.Ν.Δ.);4;Αθήνα
182;Σχολή Τεχνικών Υπαξιωματικών Αεροπορίας (Σ.Τ.Υ.Α.);4;Αθήνα
183;Σχολή Υπαξιωματικών Διοικητικών (Σ.Υ.Δ.);4;Αθήνα
162;Σ.Σ.Α.Σ. Ιατρικό;21;Θεσσαλονίκη
163;Σ.Σ.Α.Σ. Κτηνιατρικό;21;Θεσσαλονίκη
164;Σ.Σ.Α.Σ. Οδοντιατρικό;21;Θεσσαλονίκη
165;Σ.Σ.Α.Σ. Οικονομικό;21;Θεσσαλονίκη
166;Σ.Σ.Α.Σ. Στρατολογικό / Στρατιωτικών Νομικών Συμβούλων;4;Αθήνα
167;Σ.Σ.Α.Σ. Φαρμακευτικό;21;Θεσσαλονίκη
168;Σ.Σ.Α.Σ. Ψυχολογικό;21;Θεσσαλονίκη
172;Στρατιωτική Σχολή Ευελπίδων (Σ.Σ.Ε.);4;Αθήνα
176;Σχολή Αξιωματικών Νοσηλευτικής (Σ.Α.Ν.);4;Αθήνα
177;Σχολή Ικάρων (Σ.Ι.)- ΙΠΤΑΜΕΝΟΙ;4;Αθήνα
178;Σχολή Ικάρων (Σ.Ι.)- ΜΗΧΑΝΙΚΟΙ;4;Αθήνα
179;Σχολή Μονίμων Υπαξιωματικών (Σ.Μ.Υ.);4;Αθήνα
179;Σχολή Μονίμων Υπαξιωματικών (Σ.Μ.Υ.);4;Αθήνα
181;Σχολή Ναυτικών Δοκίμων (Σ.Ν.Δ.);4;Αθήνα
182;Σχολή Τεχνικών Υπαξιωματικών Αεροπορίας (Σ.Τ.Υ.Α.);4;Αθήνα
183;Σχολή Υπαξιωματικών Διοικητικών (Σ.Υ.Δ.);4;Αθήνα
9;Αξιωματικών Ελληνικής Αστυνομίας;4;Αθήνα
12;Αστυφυλάκων Ελληνικής Αστυνομίας;21;Θεσσαλονίκη
9;Αξιωματικών Ελληνικής Αστυνομίας;4;Αθήνα
12;Αστυφυλάκων Ελληνικής Αστυνομίας;21;Θεσσαλονίκη
9;Αξιωματικών Ελληνικής Αστυνομίας;4;Αθήνα
12;Αστυφυλάκων Ελληνικής Αστυνομίας;21;Θεσσαλονίκη
9;Αξιωματικών Ελληνικής Αστυνομίας;4;Αθήνα
12;Αστυφυλάκων Ελληνικής Αστυνομίας;21;Θεσσαλονίκη
6;Ανθυποπυραγών Πυροσβεστικής Ακαδημίας;4;Αθήνα
161;Πυροσβεστών Πυροσβεστικής Ακαδημίας;21;Θεσσαλονίκη
6;Ανθυποπυραγών Πυροσβεστικής Ακαδημίας;4;Αθήνα
161;Πυροσβεστών Πυροσβεστικής Ακαδημίας;21;Θεσσαλονίκη
138;Παιδαγωγικό Δημοτικής Εκπαίδευσης;4;Αθήνα
138;Παιδαγωγικό Δημοτικής Εκπαίδευσης;6;Αλεξανδρούπολη
138;Παιδαγωγικό Δημοτικής Εκπαίδευσης;13;Βόλος
138;Παιδαγωγικό Δημοτικής Εκπαίδευσης;21;Θεσσαλονίκη
138;Παιδαγωγικό Δημοτικής Εκπαίδευσης;24;Ιωάννινα
138;Παιδαγωγικό Δημοτικής Εκπαίδευσης;46;Πάτρα
138;Παιδαγωγικό Δημοτικής Εκπαίδευσης;52;Ρεθύμνο
138;Παιδαγωγικό Δημοτικής Εκπαίδευσης;53;Ρόδος
138;Παιδαγωγικό Δημοτικής Εκπαίδευσης;62;Φλώρινα
138;Παιδαγωγικό Δημοτικής Εκπαίδευσης;4;Αθήνα
138;Παιδαγωγικό Δημοτικής Εκπαίδευσης;6;Αλεξανδρούπολη
138;Παιδαγωγικό Δημοτικής Εκπαίδευσης;13;Βόλος
138;Παιδαγωγικό Δημοτικής Εκπαίδευσης;21;Θεσσαλονίκη
138;Παιδαγωγικό Δημοτικής Εκπαίδευσης;24;Ιωάννινα
138;Παιδαγωγικό Δημοτικής Εκπαίδευσης;46;Πάτρα
138;Παιδαγωγικό Δημοτικής Εκπαίδευσης;52;Ρεθύμνο
138;Παιδαγωγικό Δημοτικής Εκπαίδευσης;53;Ρόδος
138;Παιδαγωγικό Δημοτικής Εκπαίδευσης;62;Φλώρινα
138;Παιδαγωγικό Δημοτικής Εκπαίδευσης;4;Αθήνα
138;Παιδαγωγικό Δημοτικής Εκπαίδευσης;6;Αλεξανδρούπολη
138;Παιδαγωγικό Δημοτικής Εκπαίδευσης;13;Βόλος
138;Παιδαγωγικό Δημοτικής Εκπαίδευσης;21;Θεσσαλονίκη
138;Παιδαγωγικό Δημοτικής Εκπαίδευσης;24;Ιωάννινα
138;Παιδαγωγικό Δημοτικής Εκπαίδευσης;46;Πάτρα
138;Παιδαγωγικό Δημοτικής Εκπαίδευσης;52;Ρεθύμνο
138;Παιδαγωγικό Δημοτικής Εκπαίδευσης;53;Ρόδος
138;Παιδαγωγικό Δημοτικής Εκπαίδευσης;62;Φλώρινα
46;Εκπαίδευσης & Αγωγής στην Προσχολική Ηλικία;4;Αθήνα
61;Επιστημών Εκπαίδευσης στην Προσχολική Ηλικία;6;Αλεξανδρούπολη
62;Επιστημών Προσχολικής Αγωγής & Εκπαίδευσης;21;Θεσσαλονίκη
63;Επιστημών της Εκπαίδευσης & της Αγωγής στην Προσχολική Ηλικία;46;Πάτρα
65;Επιστημών της Προσχολικής Αγωγής & του Εκπαιδευτικού Σχεδιασμού;53;Ρόδος
140;Παιδαγωγικό Νηπιαγωγών;24;Ιωάννινα
140;Παιδαγωγικό Νηπιαγωγών;62;Φλώρινα
141;Παιδαγωγικό Προσχολικής Εκπαίδευσης;13;Βόλος
141;Παιδαγωγικό Προσχολικής Εκπαίδευσης;52;Ρεθύμνο
219;Τ.Ε.Ι. Προσχολικής Αγωγής;4;Αθήνα
219;Τ.Ε.Ι. Προσχολικής Αγωγής;21;Θεσσαλονίκη
219;Τ.Ε.Ι. Προσχολικής Αγωγής;24;Ιωάννινα
46;Εκπαίδευσης & Αγωγής στην Προσχολική Ηλικία;4;Αθήνα
61;Επιστημών Εκπαίδευσης στην Προσχολική Ηλικία;6;Αλεξανδρούπολη
62;Επιστημών Προσχολικής Αγωγής & Εκπαίδευσης;21;Θεσσαλονίκη
63;Επιστημών της Εκπαίδευσης & της Αγωγής στην Προσχολική Ηλικία;46;Πάτρα
65;Επιστημών της Προσχολικής Αγωγής & του Εκπαιδευτικού Σχεδιασμού;53;Ρόδος
140;Παιδαγωγικό Νηπιαγωγών;24;Ιωάννινα
140;Παιδαγωγικό Νηπιαγωγών;62;Φλώρινα
141;Παιδαγωγικό Προσχολικής Εκπαίδευσης;13;Βόλος
141;Παιδαγωγικό Προσχολικής Εκπαίδευσης;52;Ρεθύμνο
219;Τ.Ε.Ι. Προσχολικής Αγωγής;4;Αθήνα
219;Τ.Ε.Ι. Προσχολικής Αγωγής;21;Θεσσαλονίκη
219;Τ.Ε.Ι. Προσχολικής Αγωγής;24;Ιωάννινα
46;Εκπαίδευσης & Αγωγής στην Προσχολική Ηλικία;4;Αθήνα
61;Επιστημών Εκπαίδευσης στην Προσχολική Ηλικία;6;Αλεξανδρούπολη
62;Επιστημών Προσχολικής Αγωγής & Εκπαίδευσης;21;Θεσσαλονίκη
63;Επιστημών της Εκπαίδευσης & της Αγωγής στην Προσχολική Ηλικία;46;Πάτρα
65;Επιστημών της Προσχολικής Αγωγής & του Εκπαιδευτικού Σχεδιασμού;53;Ρόδος
140;Παιδαγωγικό Νηπιαγωγών;24;Ιωάννινα
140;Παιδαγωγικό Νηπιαγωγών;62;Φλώρινα
141;Παιδαγωγικό Προσχολικής Εκπαίδευσης;13;Βόλος
141;Παιδαγωγικό Προσχολικής Εκπαίδευσης;52;Ρεθύμνο
219;Τ.Ε.Ι. Προσχολικής Αγωγής;4;Αθήνα
219;Τ.Ε.Ι. Προσχολικής Αγωγής;21;Θεσσαλονίκη
219;Τ.Ε.Ι. Προσχολικής Αγωγής;24;Ιωάννινα
47;Εκπαιδευτικής & Κοινωνικής Πολιτικής;21;Θεσσαλονίκη
139;Παιδαγωγικό Ειδικής Αγωγής;13;Βόλος
47;Εκπαιδευτικής & Κοινωνικής Πολιτικής;21;Θεσσαλονίκη
139;Παιδαγωγικό Ειδικής Αγωγής;13;Βόλος
47;Εκπαιδευτικής & Κοινωνικής Πολιτικής;21;Θεσσαλονίκη
139;Παιδαγωγικό Ειδικής Αγωγής;13;Βόλος
47;Εκπαιδευτικής & Κοινωνικής Πολιτικής;21;Θεσσαλονίκη
139;Παιδαγωγικό Ειδικής Αγωγής;13;Βόλος
234;Φιλολογίας;4;Αθήνα
234;Φιλολογίας;21;Θεσσαλονίκη
234;Φιλολογίας;24;Ιωάννινα
234;Φιλολογίας;26;Καλαμάτα
234;Φιλολογίας;33;Κομοτηνή
234;Φιλολογίας;46;Πάτρα
234;Φιλολογίας;52;Ρεθύμνο
235;Φιλοσοφίας;46;Πάτρα
236;Φιλοσοφίας & Παιδαγωγικής;21;Θεσσαλονίκη
237;Φιλοσοφίας, Παιδαγωγικής & Ψυχολογίας;4;Αθήνα
237;Φιλοσοφίας, Παιδαγωγικής & Ψυχολογίας;24;Ιωάννινα
238;Φιλοσοφικών & Κοινωνικών Σπουδών;52;Ρεθύμνο
234;Φιλολογίας;4;Αθήνα
234;Φιλολογίας;21;Θεσσαλονίκη
234;Φιλολογίας;24;Ιωάννινα
234;Φιλολογίας;26;Καλαμάτα
234;Φιλολογίας;33;Κομοτηνή
234;Φιλολογίας;46;Πάτρα
234;Φιλολογίας;52;Ρεθύμνο
235;Φιλοσοφίας;46;Πάτρα
236;Φιλοσοφίας & Παιδαγωγικής;21;Θεσσαλονίκη
237;Φιλοσοφίας, Παιδαγωγικής & Ψυχολογίας;4;Αθήνα
237;Φιλοσοφίας, Παιδαγωγικής & Ψυχολογίας;24;Ιωάννινα
238;Φιλοσοφικών & Κοινωνικών Σπουδών;52;Ρεθύμνο
234;Φιλολογίας;4;Αθήνα
234;Φιλολογίας;21;Θεσσαλονίκη
234;Φιλολογίας;24;Ιωάννινα
234;Φιλολογίας;26;Καλαμάτα
234;Φιλολογίας;33;Κομοτηνή
234;Φιλολογίας;46;Πάτρα
234;Φιλολογίας;52;Ρεθύμνο
235;Φιλοσοφίας;46;Πάτρα
236;Φιλοσοφίας & Παιδαγωγικής;21;Θεσσαλονίκη
237;Φιλοσοφίας, Παιδαγωγικής & Ψυχολογίας;4;Αθήνα
237;Φιλοσοφίας, Παιδαγωγικής & Ψυχολογίας;24;Ιωάννινα
238;Φιλοσοφικών & Κοινωνικών Σπουδών;52;Ρεθύμνο
234;Φιλολογίας;4;Αθήνα
234;Φιλολογίας;21;Θεσσαλονίκη
234;Φιλολογίας;24;Ιωάννινα
234;Φιλολογίας;26;Καλαμάτα
234;Φιλολογίας;33;Κομοτηνή
234;Φιλολογίας;46;Πάτρα
234;Φιλολογίας;52;Ρεθύμνο
235;Φιλοσοφίας;46;Πάτρα
236;Φιλοσοφίας & Παιδαγωγικής;21;Θεσσαλονίκη
237;Φιλοσοφίας, Παιδαγωγικής & Ψυχολογίας;4;Αθήνα
237;Φιλοσοφίας, Παιδαγωγικής & Ψυχολογίας;24;Ιωάννινα
238;Φιλοσοφικών & Κοινωνικών Σπουδών;52;Ρεθύμνο
234;Φιλολογίας;4;Αθήνα
234;Φιλολογίας;21;Θεσσαλονίκη
234;Φιλολογίας;24;Ιωάννινα
234;Φιλολογίας;26;Καλαμάτα
234;Φιλολογίας;33;Κομοτηνή
234;Φιλολογίας;46;Πάτρα
234;Φιλολογίας;52;Ρεθύμνο
235;Φιλοσοφίας;46;Πάτρα
236;Φιλοσοφίας & Παιδαγωγικής;21;Θεσσαλονίκη
237;Φιλοσοφίας, Παιδαγωγικής & Ψυχολογίας;4;Αθήνα
237;Φιλοσοφίας, Παιδαγωγικής & Ψυχολογίας;24;Ιωάννινα
238;Φιλοσοφικών & Κοινωνικών Σπουδών;52;Ρεθύμνο
234;Φιλολογίας;4;Αθήνα
234;Φιλολογίας;21;Θεσσαλονίκη
234;Φιλολογίας;24;Ιωάννινα
234;Φιλολογίας;26;Καλαμάτα
234;Φιλολογίας;33;Κομοτηνή
234;Φιλολογίας;46;Πάτρα
234;Φιλολογίας;52;Ρεθύμνο
235;Φιλοσοφίας;46;Πάτρα
236;Φιλοσοφίας & Παιδαγωγικής;21;Θεσσαλονίκη
237;Φιλοσοφίας, Παιδαγωγικής & Ψυχολογίας;4;Αθήνα
237;Φιλοσοφίας, Παιδαγωγικής & Ψυχολογίας;24;Ιωάννινα
238;Φιλοσοφικών & Κοινωνικών Σπουδών;52;Ρεθύμνο
81;Ιστορίας;30;Κέρκυρα
82;Ιστορίας & Αρχαιολογίας;4;Αθήνα
82;Ιστορίας & Αρχαιολογίας;21;Θεσσαλονίκη
82;Ιστορίας & Αρχαιολογίας;24;Ιωάννινα
82;Ιστορίας & Αρχαιολογίας;52;Ρεθύμνο
83;Ιστορίας & Εθνολογίας;33;Κομοτηνή
84;Ιστορίας, Αρχαιολογίας & Κοινωνικής Ανθρωπολογίας;13;Βόλος
85;Ιστορίας, Αρχαιολογίας και Διαχείρισης Πολιτισμικών Αγαθών;26;Καλαμάτα
90;Κοινωνικής Ανθρωπολογίας & Ιστορίας;41;Μυτιλήνη
99;Μεθολογίας, Ιστορίας & Θεωρίας της Επιστήμης;4;Αθήνα
100;Μεσογειακών Σπουδών;53;Ρόδος
81;Ιστορίας;30;Κέρκυρα
82;Ιστορίας & Αρχαιολογίας;4;Αθήνα
82;Ιστορίας & Αρχαιολογίας;21;Θεσσαλονίκη
82;Ιστορίας & Αρχαιολογίας;24;Ιωάννινα
82;Ιστορίας & Αρχαιολογίας;52;Ρεθύμνο
83;Ιστορίας & Εθνολογίας;33;Κομοτηνή
84;Ιστορίας, Αρχαιολογίας & Κοινωνικής Ανθρωπολογίας;13;Βόλος
85;Ιστορίας, Αρχαιολογίας και Διαχείρισης Πολιτισμικών Αγαθών;26;Καλαμάτα
90;Κοινωνικής Ανθρωπολογίας & Ιστορίας;41;Μυτιλήνη
99;Μεθολογίας, Ιστορίας & Θεωρίας της Επιστήμης;4;Αθήνα
100;Μεσογειακών Σπουδών;53;Ρόδος
81;Ιστορίας;30;Κέρκυρα
82;Ιστορίας & Αρχαιολογίας;4;Αθήνα
82;Ιστορίας & Αρχαιολογίας;21;Θεσσαλονίκη
82;Ιστορίας & Αρχαιολογίας;24;Ιωάννινα
82;Ιστορίας & Αρχαιολογίας;52;Ρεθύμνο
83;Ιστορίας & Εθνολογίας;33;Κομοτηνή
84;Ιστορίας, Αρχαιολογίας & Κοινωνικής Ανθρωπολογίας;13;Βόλος
85;Ιστορίας, Αρχαιολογίας και Διαχείρισης Πολιτισμικών Αγαθών;26;Καλαμάτα
90;Κοινωνικής Ανθρωπολογίας & Ιστορίας;41;Μυτιλήνη
99;Μεθολογίας, Ιστορίας & Θεωρίας της Επιστήμης;4;Αθήνα
100;Μεσογειακών Σπουδών;53;Ρόδος
81;Ιστορίας;30;Κέρκυρα
82;Ιστορίας & Αρχαιολογίας;4;Αθήνα
82;Ιστορίας & Αρχαιολογίας;21;Θεσσαλονίκη
82;Ιστορίας & Αρχαιολογίας;24;Ιωάννινα
82;Ιστορίας & Αρχαιολογίας;52;Ρεθύμνο
83;Ιστορίας & Εθνολογίας;33;Κομοτηνή
84;Ιστορίας, Αρχαιολογίας & Κοινωνικής Ανθρωπολογίας;13;Βόλος
85;Ιστορίας, Αρχαιολογίας και Διαχείρισης Πολιτισμικών Αγαθών;26;Καλαμάτα
90;Κοινωνικής Ανθρωπολογίας & Ιστορίας;41;Μυτιλήνη
99;Μεθολογίας, Ιστορίας & Θεωρίας της Επιστήμης;4;Αθήνα
100;Μεσογειακών Σπουδών;53;Ρόδος
10;Αρχειονομιάς, Βιβλιοθηκονομίας & Μουσιολογίας;30;Κέρκυρα
15;Βιβλιοθηκονομίας & Συστημάτων Πληροφόρησης;4;Αθήνα
15;Βιβλιοθηκονομίας & Συστημάτων Πληροφόρησης;21;Θεσσαλονίκη
10;Αρχειονομιάς, Βιβλιοθηκονομίας & Μουσιολογίας;30;Κέρκυρα
15;Βιβλιοθηκονομίας & Συστημάτων Πληροφόρησης;4;Αθήνα
15;Βιβλιοθηκονομίας & Συστημάτων Πληροφόρησης;21;Θεσσαλονίκη
10;Αρχειονομιάς, Βιβλιοθηκονομίας & Μουσιολογίας;30;Κέρκυρα
15;Βιβλιοθηκονομίας & Συστημάτων Πληροφόρησης;4;Αθήνα
15;Βιβλιοθηκονομίας & Συστημάτων Πληροφόρησης;21;Θεσσαλονίκη
77;Θεολογίας;4;Αθήνα
77;Θεολογίας;21;Θεσσαλονίκη
92;Κοινωνικής Θεολογίας;4;Αθήνα
149;Ποιμαντικής & Κοινωνικής Θεολογίας;21;Θεσσαλονίκη
159;Πρόγραμμα Εκκλησιαστικής Μουσικής & Ψαλτικής;12;Βελλάς Ιωαννίνων
159;Πρόγραμμα Εκκλησιαστικής Μουσικής & Ψαλτικής;20;Ηράκλειο
160;Πρόγραμμα Ιερατικών Σπουδών;4;Αθήνα
160;Πρόγραμμα Ιερατικών Σπουδών;12;Βελλάς Ιωαννίνων
160;Πρόγραμμα Ιερατικών Σπουδών;20;Ηράκλειο
160;Πρόγραμμα Ιερατικών Σπουδών;21;Θεσσαλονίκη
77;Θεολογίας;4;Αθήνα
77;Θεολογίας;21;Θεσσαλονίκη
92;Κοινωνικής Θεολογίας;4;Αθήνα
149;Ποιμαντικής & Κοινωνικής Θεολογίας;21;Θεσσαλονίκη
159;Πρόγραμμα Εκκλησιαστικής Μουσικής & Ψαλτικής;12;Βελλάς Ιωαννίνων
159;Πρόγραμμα Εκκλησιαστικής Μουσικής & Ψαλτικής;20;Ηράκλειο
160;Πρόγραμμα Ιερατικών Σπουδών;4;Αθήνα
160;Πρόγραμμα Ιερατικών Σπουδών;12;Βελλάς Ιωαννίνων
160;Πρόγραμμα Ιερατικών Σπουδών;20;Ηράκλειο
160;Πρόγραμμα Ιερατικών Σπουδών;21;Θεσσαλονίκη
77;Θεολογίας;4;Αθήνα
77;Θεολογίας;21;Θεσσαλονίκη
92;Κοινωνικής Θεολογίας;4;Αθήνα
149;Ποιμαντικής & Κοινωνικής Θεολογίας;21;Θεσσαλονίκη
159;Πρόγραμμα Εκκλησιαστικής Μουσικής & Ψαλτικής;12;Βελλάς Ιωαννίνων
159;Πρόγραμμα Εκκλησιαστικής Μουσικής & Ψαλτικής;20;Ηράκλειο
160;Πρόγραμμα Ιερατικών Σπουδών;4;Αθήνα
160;Πρόγραμμα Ιερατικών Σπουδών;12;Βελλάς Ιωαννίνων
160;Πρόγραμμα Ιερατικών Σπουδών;20;Ηράκλειο
160;Πρόγραμμα Ιερατικών Σπουδών;21;Θεσσαλονίκη
77;Θεολογίας;4;Αθήνα
77;Θεολογίας;21;Θεσσαλονίκη
92;Κοινωνικής Θεολογίας;4;Αθήνα
149;Ποιμαντικής & Κοινωνικής Θεολογίας;21;Θεσσαλονίκη
159;Πρόγραμμα Εκκλησιαστικής Μουσικής & Ψαλτικής;12;Βελλάς Ιωαννίνων
159;Πρόγραμμα Εκκλησιαστικής Μουσικής & Ψαλτικής;20;Ηράκλειο
160;Πρόγραμμα Ιερατικών Σπουδών;4;Αθήνα
160;Πρόγραμμα Ιερατικών Σπουδών;12;Βελλάς Ιωαννίνων
160;Πρόγραμμα Ιερατικών Σπουδών;20;Ηράκλειο
160;Πρόγραμμα Ιερατικών Σπουδών;21;Θεσσαλονίκη
59;Επιστήμης Φυσικής Αγωγής & Αθλητισμού;4;Αθήνα
59;Επιστήμης Φυσικής Αγωγής & Αθλητισμού;21;Θεσσαλονίκη
59;Επιστήμης Φυσικής Αγωγής & Αθλητισμού;33;Κομοτηνή
59;Επιστήμης Φυσικής Αγωγής & Αθλητισμού;55;Σέρρες
59;Επιστήμης Φυσικής Αγωγής & Αθλητισμού;60;Τρίκαλα
59;Επιστήμης Φυσικής Αγωγής & Αθλητισμού;4;Αθήνα
59;Επιστήμης Φυσικής Αγωγής & Αθλητισμού;21;Θεσσαλονίκη
59;Επιστήμης Φυσικής Αγωγής & Αθλητισμού;33;Κομοτηνή
59;Επιστήμης Φυσικής Αγωγής & Αθλητισμού;55;Σέρρες
59;Επιστήμης Φυσικής Αγωγής & Αθλητισμού;60;Τρίκαλα
59;Επιστήμης Φυσικής Αγωγής & Αθλητισμού;4;Αθήνα
59;Επιστήμης Φυσικής Αγωγής & Αθλητισμού;21;Θεσσαλονίκη
59;Επιστήμης Φυσικής Αγωγής & Αθλητισμού;33;Κομοτηνή
59;Επιστήμης Φυσικής Αγωγής & Αθλητισμού;55;Σέρρες
59;Επιστήμης Φυσικής Αγωγής & Αθλητισμού;60;Τρίκαλα
59;Επιστήμης Φυσικής Αγωγής & Αθλητισμού;4;Αθήνα
59;Επιστήμης Φυσικής Αγωγής & Αθλητισμού;21;Θεσσαλονίκη
59;Επιστήμης Φυσικής Αγωγής & Αθλητισμού;33;Κομοτηνή
59;Επιστήμης Φυσικής Αγωγής & Αθλητισμού;55;Σέρρες
59;Επιστήμης Φυσικής Αγωγής & Αθλητισμού;60;Τρίκαλα
59;Επιστήμης Φυσικής Αγωγής & Αθλητισμού;4;Αθήνα
59;Επιστήμης Φυσικής Αγωγής & Αθλητισμού;21;Θεσσαλονίκη
59;Επιστήμης Φυσικής Αγωγής & Αθλητισμού;33;Κομοτηνή
59;Επιστήμης Φυσικής Αγωγής & Αθλητισμού;55;Σέρρες
59;Επιστήμης Φυσικής Αγωγής & Αθλητισμού;60;Τρίκαλα
59;Επιστήμης Φυσικής Αγωγής & Αθλητισμού;4;Αθήνα
59;Επιστήμης Φυσικής Αγωγής & Αθλητισμού;21;Θεσσαλονίκη
59;Επιστήμης Φυσικής Αγωγής & Αθλητισμού;33;Κομοτηνή
59;Επιστήμης Φυσικής Αγωγής & Αθλητισμού;55;Σέρρες
59;Επιστήμης Φυσικής Αγωγής & Αθλητισμού;60;Τρίκαλα
91;Κοινωνικής Διοίκησης και Πολιτικής Επιστήμης;33;Κομοτηνή
246;Ψυχολογίας;4;Αθήνα
246;Ψυχολογίας;21;Θεσσαλονίκη
246;Ψυχολογίας;52;Ρεθύμνο
91;Κοινωνικής Διοίκησης και Πολιτικής Επιστήμης;33;Κομοτηνή
246;Ψυχολογίας;4;Αθήνα
246;Ψυχολογίας;21;Θεσσαλονίκη
246;Ψυχολογίας;52;Ρεθύμνο
91;Κοινωνικής Διοίκησης και Πολιτικής Επιστήμης;33;Κομοτηνή
246;Ψυχολογίας;4;Αθήνα
246;Ψυχολογίας;21;Θεσσαλονίκη
246;Ψυχολογίας;52;Ρεθύμνο
91;Κοινωνικής Διοίκησης και Πολιτικής Επιστήμης;33;Κομοτηνή
246;Ψυχολογίας;4;Αθήνα
246;Ψυχολογίας;21;Θεσσαλονίκη
246;Ψυχολογίας;52;Ρεθύμνο
91;Κοινωνικής Διοίκησης και Πολιτικής Επιστήμης;33;Κομοτηνή
91;Κοινωνικής Διοίκησης και Πολιτικής Επιστήμης;33;Κομοτηνή
13;Βαλκανικών, Σλαβικών και Ανατολικών Σπουδών;21;Θεσσαλονίκη
37;Διεθνών & Ευρωπαϊκών Oικονομικών Σπουδών;4;Αθήνα
38;Διεθνών & Ευρωπαϊκών Σπουδών;21;Θεσσαλονίκη
38;Διεθνών & Ευρωπαϊκών Σπουδών;48;Πειραιάς
39;Διεθνών, Ευρωπαϊκών και Περιφερειακών Σπουδών;4;Αθήνα
13;Βαλκανικών, Σλαβικών και Ανατολικών Σπουδών;21;Θεσσαλονίκη
37;Διεθνών & Ευρωπαϊκών Oικονομικών Σπουδών;4;Αθήνα
38;Διεθνών & Ευρωπαϊκών Σπουδών;21;Θεσσαλονίκη
38;Διεθνών & Ευρωπαϊκών Σπουδών;48;Πειραιάς
39;Διεθνών, Ευρωπαϊκών και Περιφερειακών Σπουδών;4;Αθήνα
13;Βαλκανικών, Σλαβικών και Ανατολικών Σπουδών;21;Θεσσαλονίκη
37;Διεθνών & Ευρωπαϊκών Oικονομικών Σπουδών;4;Αθήνα
38;Διεθνών & Ευρωπαϊκών Σπουδών;21;Θεσσαλονίκη
38;Διεθνών & Ευρωπαϊκών Σπουδών;48;Πειραιάς
39;Διεθνών, Ευρωπαϊκών και Περιφερειακών Σπουδών;4;Αθήνα
88;Κοινωνικής & Εκπαιδευτικής Πολιτικής;34;Κόρινθος
89;Κοινωνικής Ανθρωπολογίας;4;Αθήνα
93;Κοινωνικής Πολιτικής;4;Αθήνα
94;Κοινωνιολογίας;4;Αθήνα
94;Κοινωνιολογίας;41;Μυτιλήνη
94;Κοινωνιολογίας;52;Ρεθύμνο
84;Ιστορίας, Αρχαιολογίας & Κοινωνικής Ανθρωπολογίας;13;Βόλος
88;Κοινωνικής & Εκπαιδευτικής Πολιτικής;34;Κόρινθος
89;Κοινωνικής Ανθρωπολογίας;4;Αθήνα
90;Κοινωνικής Ανθρωπολογίας & Ιστορίας;41;Μυτιλήνη
92;Κοινωνικής Θεολογίας;4;Αθήνα
93;Κοινωνικής Πολιτικής;4;Αθήνα
94;Κοινωνιολογίας;4;Αθήνα
94;Κοινωνιολογίας;41;Μυτιλήνη
94;Κοινωνιολογίας;52;Ρεθύμνο
100;Μεσογειακών Σπουδών;53;Ρόδος
84;Ιστορίας, Αρχαιολογίας & Κοινωνικής Ανθρωπολογίας;13;Βόλος
88;Κοινωνικής & Εκπαιδευτικής Πολιτικής;34;Κόρινθος
89;Κοινωνικής Ανθρωπολογίας;4;Αθήνα
90;Κοινωνικής Ανθρωπολογίας & Ιστορίας;41;Μυτιλήνη
92;Κοινωνικής Θεολογίας;4;Αθήνα
93;Κοινωνικής Πολιτικής;4;Αθήνα
94;Κοινωνιολογίας;4;Αθήνα
94;Κοινωνιολογίας;41;Μυτιλήνη
94;Κοινωνιολογίας;52;Ρεθύμνο
100;Μεσογειακών Σπουδών;53;Ρόδος
84;Ιστορίας, Αρχαιολογίας & Κοινωνικής Ανθρωπολογίας;13;Βόλος
88;Κοινωνικής & Εκπαιδευτικής Πολιτικής;34;Κόρινθος
89;Κοινωνικής Ανθρωπολογίας;4;Αθήνα
90;Κοινωνικής Ανθρωπολογίας & Ιστορίας;41;Μυτιλήνη
92;Κοινωνικής Θεολογίας;4;Αθήνα
93;Κοινωνικής Πολιτικής;4;Αθήνα
94;Κοινωνιολογίας;4;Αθήνα
94;Κοινωνιολογίας;41;Μυτιλήνη
94;Κοινωνιολογίας;52;Ρεθύμνο
84;Ιστορίας, Αρχαιολογίας & Κοινωνικής Ανθρωπολογίας;13;Βόλος
88;Κοινωνικής & Εκπαιδευτικής Πολιτικής;34;Κόρινθος
89;Κοινωνικής Ανθρωπολογίας;4;Αθήνα
90;Κοινωνικής Ανθρωπολογίας & Ιστορίας;41;Μυτιλήνη
92;Κοινωνικής Θεολογίας;4;Αθήνα
93;Κοινωνικής Πολιτικής;4;Αθήνα
94;Κοινωνιολογίας;4;Αθήνα
94;Κοινωνιολογίας;41;Μυτιλήνη
94;Κοινωνιολογίας;52;Ρεθύμνο
84;Ιστορίας, Αρχαιολογίας & Κοινωνικής Ανθρωπολογίας;13;Βόλος
88;Κοινωνικής & Εκπαιδευτικής Πολιτικής;34;Κόρινθος
89;Κοινωνικής Ανθρωπολογίας;4;Αθήνα
90;Κοινωνικής Ανθρωπολογίας & Ιστορίας;41;Μυτιλήνη
92;Κοινωνικής Θεολογίας;4;Αθήνα
93;Κοινωνικής Πολιτικής;4;Αθήνα
94;Κοινωνιολογίας;4;Αθήνα
94;Κοινωνιολογίας;41;Μυτιλήνη
94;Κοινωνιολογίας;52;Ρεθύμνο
84;Ιστορίας, Αρχαιολογίας & Κοινωνικής Ανθρωπολογίας;13;Βόλος
88;Κοινωνικής & Εκπαιδευτικής Πολιτικής;34;Κόρινθος
89;Κοινωνικής Ανθρωπολογίας;4;Αθήνα
90;Κοινωνικής Ανθρωπολογίας & Ιστορίας;41;Μυτιλήνη
92;Κοινωνικής Θεολογίας;4;Αθήνα
93;Κοινωνικής Πολιτικής;4;Αθήνα
94;Κοινωνιολογίας;4;Αθήνα
94;Κοινωνιολογίας;41;Μυτιλήνη
94;Κοινωνιολογίας;52;Ρεθύμνο
1;Αγγλικής Γλώσσας και Φιλολογίας;4;Αθήνα
1;Αγγλικής Γλώσσας και Φιλολογίας;21;Θεσσαλονίκη
22;Γαλλικής Γλώσσας και Φιλολογίας;4;Αθήνα
22;Γαλλικής Γλώσσας και Φιλολογίας;21;Θεσσαλονίκη
247;Γερμανικής Γλώσσας & Φιλολογίας;4;Αθήνα
247;Γερμανικής Γλώσσας & Φιλολογίας;21;Θεσσαλονίκη
29;Γλώσσας, Φιλολογίας και Πολιτισμού Παρευξείνιων Χωρών;33;Κομοτηνή
80;Ισπανικής Γλώσσας & Φιλολογίας;4;Αθήνα
86;Ιταλικής Γλώσσας & Φιλολογίας;4;Αθήνα
86;Ιταλικής Γλώσσας & Φιλολογίας;21;Θεσσαλονίκη
130;Ξένων Γλωσσών Μετάφρασης & Διερμηνείας;30;Κέρκυρα
169;Σλαβικών Σπουδών;4;Αθήνα
1;Αγγλικής Γλώσσας και Φιλολογίας;4;Αθήνα
1;Αγγλικής Γλώσσας και Φιλολογίας;21;Θεσσαλονίκη
22;Γαλλικής Γλώσσας και Φιλολογίας;4;Αθήνα
22;Γαλλικής Γλώσσας και Φιλολογίας;21;Θεσσαλονίκη
247;Γερμανικής Γλώσσας & Φιλολογίας;4;Αθήνα
247;Γερμανικής Γλώσσας & Φιλολογίας;21;Θεσσαλονίκη
29;Γλώσσας, Φιλολογίας και Πολιτισμού Παρευξείνιων Χωρών;33;Κομοτηνή
80;Ισπανικής Γλώσσας & Φιλολογίας;4;Αθήνα
86;Ιταλικής Γλώσσας & Φιλολογίας;4;Αθήνα
86;Ιταλικής Γλώσσας & Φιλολογίας;21;Θεσσαλονίκη
130;Ξένων Γλωσσών Μετάφρασης & Διερμηνείας;30;Κέρκυρα
169;Σλαβικών Σπουδών;4;Αθήνα
1;Αγγλικής Γλώσσας και Φιλολογίας;4;Αθήνα
1;Αγγλικής Γλώσσας και Φιλολογίας;21;Θεσσαλονίκη
22;Γαλλικής Γλώσσας και Φιλολογίας;4;Αθήνα
22;Γαλλικής Γλώσσας και Φιλολογίας;21;Θεσσαλονίκη
247;Γερμανικής Γλώσσας & Φιλολογίας;4;Αθήνα
247;Γερμανικής Γλώσσας & Φιλολογίας;21;Θεσσαλονίκη
29;Γλώσσας, Φιλολογίας και Πολιτισμού Παρευξείνιων Χωρών;33;Κομοτηνή
80;Ισπανικής Γλώσσας & Φιλολογίας;4;Αθήνα
86;Ιταλικής Γλώσσας & Φιλολογίας;4;Αθήνα
86;Ιταλικής Γλώσσας & Φιλολογίας;21;Θεσσαλονίκη
130;Ξένων Γλωσσών Μετάφρασης & Διερμηνείας;30;Κέρκυρα
169;Σλαβικών Σπουδών;4;Αθήνα
33;Δημοσιογραφίας & Μέσων Μαζικής Επικοινωνίας;21;Θεσσαλονίκη
40;Διοίκηση, Οικονομία και Επικοινωνία Πολιτιστικών και Τουριστικών Μονάδων;8;Άμφισσα
40;Διοίκηση, Οικονομία και Επικοινωνία Πολιτιστικών και Τουριστικών Μονάδων;51;Πύργος
51;Επικοινωνίας & Μέσων Μαζικής Ενημέρωσης;4;Αθήνα
52;Επικοινωνίας Μέσων & Πολιτισμού;4;Αθήνα
98;Μάρκετινγκ & Επικοινωνίας;4;Αθήνα
244;Ψηφιακών Μέσων και Επικοινωνίας;10;Αργοστόλι
244;Ψηφιακών Μέσων και Επικοινωνίας;28;Καστοριά
33;Δημοσιογραφίας & Μέσων Μαζικής Επικοινωνίας;21;Θεσσαλονίκη
40;Διοίκηση, Οικονομία και Επικοινωνία Πολιτιστικών και Τουριστικών Μονάδων;8;Άμφισσα
40;Διοίκηση, Οικονομία και Επικοινωνία Πολιτιστικών και Τουριστικών Μονάδων;51;Πύργος
51;Επικοινωνίας & Μέσων Μαζικής Ενημέρωσης;4;Αθήνα
52;Επικοινωνίας Μέσων & Πολιτισμού;4;Αθήνα
98;Μάρκετινγκ & Επικοινωνίας;4;Αθήνα
244;Ψηφιακών Μέσων και Επικοινωνίας;10;Αργοστόλι
244;Ψηφιακών Μέσων και Επικοινωνίας;28;Καστοριά
33;Δημοσιογραφίας & Μέσων Μαζικής Επικοινωνίας;21;Θεσσαλονίκη
40;Διοίκηση, Οικονομία και Επικοινωνία Πολιτιστικών και Τουριστικών Μονάδων;8;Άμφισσα
40;Διοίκηση, Οικονομία και Επικοινωνία Πολιτιστικών και Τουριστικών Μονάδων;51;Πύργος
51;Επικοινωνίας & Μέσων Μαζικής Ενημέρωσης;4;Αθήνα
52;Επικοινωνίας Μέσων & Πολιτισμού;4;Αθήνα
98;Μάρκετινγκ & Επικοινωνίας;4;Αθήνα
244;Ψηφιακών Μέσων και Επικοινωνίας;10;Αργοστόλι
244;Ψηφιακών Μέσων και Επικοινωνίας;28;Καστοριά
33;Δημοσιογραφίας & Μέσων Μαζικής Επικοινωνίας;21;Θεσσαλονίκη
40;Διοίκηση, Οικονομία και Επικοινωνία Πολιτιστικών και Τουριστικών Μονάδων;8;Άμφισσα
40;Διοίκηση, Οικονομία και Επικοινωνία Πολιτιστικών και Τουριστικών Μονάδων;51;Πύργος
51;Επικοινωνίας & Μέσων Μαζικής Ενημέρωσης;4;Αθήνα
52;Επικοινωνίας Μέσων & Πολιτισμού;4;Αθήνα
98;Μάρκετινγκ & Επικοινωνίας;4;Αθήνα
244;Ψηφιακών Μέσων και Επικοινωνίας;10;Αργοστόλι
244;Ψηφιακών Μέσων και Επικοινωνίας;28;Καστοριά
33;Δημοσιογραφίας & Μέσων Μαζικής Επικοινωνίας;21;Θεσσαλονίκη
40;Διοίκηση, Οικονομία και Επικοινωνία Πολιτιστικών και Τουριστικών Μονάδων;8;Άμφισσα
40;Διοίκηση, Οικονομία και Επικοινωνία Πολιτιστικών και Τουριστικών Μονάδων;51;Πύργος
51;Επικοινωνίας & Μέσων Μαζικής Ενημέρωσης;4;Αθήνα
52;Επικοινωνίας Μέσων & Πολιτισμού;4;Αθήνα
98;Μάρκετινγκ & Επικοινωνίας;4;Αθήνα
244;Ψηφιακών Μέσων και Επικοινωνίας;10;Αργοστόλι
244;Ψηφιακών Μέσων και Επικοινωνίας;28;Καστοριά
33;Δημοσιογραφίας & Μέσων Μαζικής Επικοινωνίας;21;Θεσσαλονίκη
40;Διοίκηση, Οικονομία και Επικοινωνία Πολιτιστικών και Τουριστικών Μονάδων;8;Άμφισσα
40;Διοίκηση, Οικονομία και Επικοινωνία Πολιτιστικών και Τουριστικών Μονάδων;51;Πύργος
51;Επικοινωνίας & Μέσων Μαζικής Ενημέρωσης;4;Αθήνα
52;Επικοινωνίας Μέσων & Πολιτισμού;4;Αθήνα
98;Μάρκετινγκ & Επικοινωνίας;4;Αθήνα
244;Ψηφιακών Μέσων και Επικοινωνίας;10;Αργοστόλι
244;Ψηφιακών Μέσων και Επικοινωνίας;28;Καστοριά
44;Διοίκησης, Οικονομίας και Επικοινωνίας Πολιτιστικών και Τουριστικών Μονάδων;8;Άμφισσα
44;Διοίκησης, Οικονομίας και Επικοινωνίας Πολιτιστικών και Τουριστικών Μονάδων;51;Πύργος
244;Ψηφιακών Μέσων και Επικοινωνίας;10;Αργοστόλι
244;Ψηφιακών Μέσων και Επικοινωνίας;28;Καστοριά
44;Διοίκησης, Οικονομίας και Επικοινωνίας Πολιτιστικών και Τουριστικών Μονάδων;8;Άμφισσα
44;Διοίκησης, Οικονομίας και Επικοινωνίας Πολιτιστικών και Τουριστικών Μονάδων;51;Πύργος
244;Ψηφιακών Μέσων και Επικοινωνίας;10;Αργοστόλι
244;Ψηφιακών Μέσων και Επικοινωνίας;28;Καστοριά
44;Διοίκησης, Οικονομίας και Επικοινωνίας Πολιτιστικών και Τουριστικών Μονάδων;8;Άμφισσα
44;Διοίκησης, Οικονομίας και Επικοινωνίας Πολιτιστικών και Τουριστικών Μονάδων;51;Πύργος
244;Ψηφιακών Μέσων και Επικοινωνίας;10;Αργοστόλι
244;Ψηφιακών Μέσων και Επικοινωνίας;28;Καστοριά
33;Δημοσιογραφίας & Μέσων Μαζικής Επικοινωνίας;21;Θεσσαλονίκη
40;Διοίκηση, Οικονομία και Επικοινωνία Πολιτιστικών και Τουριστικών Μονάδων;8;Άμφισσα
40;Διοίκηση, Οικονομία και Επικοινωνία Πολιτιστικών και Τουριστικών Μονάδων;51;Πύργος
51;Επικοινωνίας & Μέσων Μαζικής Ενημέρωσης;4;Αθήνα
52;Επικοινωνίας Μέσων & Πολιτισμού;4;Αθήνα
98;Μάρκετινγκ & Επικοινωνίας;4;Αθήνα
244;Ψηφιακών Μέσων και Επικοινωνίας;10;Αργοστόλι
244;Ψηφιακών Μέσων και Επικοινωνίας;28;Καστοριά
33;Δημοσιογραφίας & Μέσων Μαζικής Επικοινωνίας;21;Θεσσαλονίκη
40;Διοίκηση, Οικονομία και Επικοινωνία Πολιτιστικών και Τουριστικών Μονάδων;8;Άμφισσα
40;Διοίκηση, Οικονομία και Επικοινωνία Πολιτιστικών και Τουριστικών Μονάδων;51;Πύργος
51;Επικοινωνίας & Μέσων Μαζικής Ενημέρωσης;4;Αθήνα
52;Επικοινωνίας Μέσων & Πολιτισμού;4;Αθήνα
98;Μάρκετινγκ & Επικοινωνίας;4;Αθήνα
244;Ψηφιακών Μέσων και Επικοινωνίας;10;Αργοστόλι
244;Ψηφιακών Μέσων και Επικοινωνίας;28;Καστοριά
33;Δημοσιογραφίας & Μέσων Μαζικής Επικοινωνίας;21;Θεσσαλονίκη
40;Διοίκηση, Οικονομία και Επικοινωνία Πολιτιστικών και Τουριστικών Μονάδων;8;Άμφισσα
40;Διοίκηση, Οικονομία και Επικοινωνία Πολιτιστικών και Τουριστικών Μονάδων;51;Πύργος
51;Επικοινωνίας & Μέσων Μαζικής Ενημέρωσης;4;Αθήνα
52;Επικοινωνίας Μέσων & Πολιτισμού;4;Αθήνα
98;Μάρκετινγκ & Επικοινωνίας;4;Αθήνα
244;Ψηφιακών Μέσων και Επικοινωνίας;10;Αργοστόλι
244;Ψηφιακών Μέσων και Επικοινωνίας;28;Καστοριά
33;Δημοσιογραφίας & Μέσων Μαζικής Επικοινωνίας;21;Θεσσαλονίκη
40;Διοίκηση, Οικονομία και Επικοινωνία Πολιτιστικών και Τουριστικών Μονάδων;8;Άμφισσα
40;Διοίκηση, Οικονομία και Επικοινωνία Πολιτιστικών και Τουριστικών Μονάδων;51;Πύργος
51;Επικοινωνίας & Μέσων Μαζικής Ενημέρωσης;4;Αθήνα
52;Επικοινωνίας Μέσων & Πολιτισμού;4;Αθήνα
98;Μάρκετινγκ & Επικοινωνίας;4;Αθήνα
244;Ψηφιακών Μέσων και Επικοινωνίας;10;Αργοστόλι
244;Ψηφιακών Μέσων και Επικοινωνίας;28;Καστοριά
33;Δημοσιογραφίας & Μέσων Μαζικής Επικοινωνίας;21;Θεσσαλονίκη
40;Διοίκηση, Οικονομία και Επικοινωνία Πολιτιστικών και Τουριστικών Μονάδων;8;Άμφισσα
40;Διοίκηση, Οικονομία και Επικοινωνία Πολιτιστικών και Τουριστικών Μονάδων;51;Πύργος
51;Επικοινωνίας & Μέσων Μαζικής Ενημέρωσης;4;Αθήνα
52;Επικοινωνίας Μέσων & Πολιτισμού;4;Αθήνα
98;Μάρκετινγκ & Επικοινωνίας;4;Αθήνα
244;Ψηφιακών Μέσων και Επικοινωνίας;10;Αργοστόλι
244;Ψηφιακών Μέσων και Επικοινωνίας;28;Καστοριά
33;Δημοσιογραφίας & Μέσων Μαζικής Επικοινωνίας;21;Θεσσαλονίκη
40;Διοίκηση, Οικονομία και Επικοινωνία Πολιτιστικών και Τουριστικών Μονάδων;8;Άμφισσα
40;Διοίκηση, Οικονομία και Επικοινωνία Πολιτιστικών και Τουριστικών Μονάδων;51;Πύργος
51;Επικοινωνίας & Μέσων Μαζικής Ενημέρωσης;4;Αθήνα
52;Επικοινωνίας Μέσων & Πολιτισμού;4;Αθήνα
98;Μάρκετινγκ & Επικοινωνίας;4;Αθήνα
244;Ψηφιακών Μέσων και Επικοινωνίας;10;Αργοστόλι
244;Ψηφιακών Μέσων και Επικοινωνίας;28;Καστοριά
33;Δημοσιογραφίας & Μέσων Μαζικής Επικοινωνίας;21;Θεσσαλονίκη
40;Διοίκηση, Οικονομία και Επικοινωνία Πολιτιστικών και Τουριστικών Μονάδων;8;Άμφισσα
40;Διοίκηση, Οικονομία και Επικοινωνία Πολιτιστικών και Τουριστικών Μονάδων;51;Πύργος
51;Επικοινωνίας & Μέσων Μαζικής Ενημέρωσης;4;Αθήνα
52;Επικοινωνίας Μέσων & Πολιτισμού;4;Αθήνα
98;Μάρκετινγκ & Επικοινωνίας;4;Αθήνα
244;Ψηφιακών Μέσων και Επικοινωνίας;10;Αργοστόλι
244;Ψηφιακών Μέσων και Επικοινωνίας;28;Καστοριά
33;Δημοσιογραφίας & Μέσων Μαζικής Επικοινωνίας;21;Θεσσαλονίκη
40;Διοίκηση, Οικονομία και Επικοινωνία Πολιτιστικών και Τουριστικών Μονάδων;8;Άμφισσα
40;Διοίκηση, Οικονομία και Επικοινωνία Πολιτιστικών και Τουριστικών Μονάδων;51;Πύργος
51;Επικοινωνίας & Μέσων Μαζικής Ενημέρωσης;4;Αθήνα
52;Επικοινωνίας Μέσων & Πολιτισμού;4;Αθήνα
98;Μάρκετινγκ & Επικοινωνίας;4;Αθήνα
244;Ψηφιακών Μέσων και Επικοινωνίας;10;Αργοστόλι
244;Ψηφιακών Μέσων και Επικοινωνίας;28;Καστοριά
33;Δημοσιογραφίας & Μέσων Μαζικής Επικοινωνίας;21;Θεσσαλονίκη
40;Διοίκηση, Οικονομία και Επικοινωνία Πολιτιστικών και Τουριστικών Μονάδων;8;Άμφισσα
40;Διοίκηση, Οικονομία και Επικοινωνία Πολιτιστικών και Τουριστικών Μονάδων;51;Πύργος
51;Επικοινωνίας & Μέσων Μαζικής Ενημέρωσης;4;Αθήνα
52;Επικοινωνίας Μέσων & Πολιτισμού;4;Αθήνα
98;Μάρκετινγκ & Επικοινωνίας;4;Αθήνα
244;Ψηφιακών Μέσων και Επικοινωνίας;10;Αργοστόλι
244;Ψηφιακών Μέσων και Επικοινωνίας;28;Καστοριά
75;Θεατρικών Σπουδών;4;Αθήνα
75;Θεατρικών Σπουδών;43;Ναύπλιο
75;Θεατρικών Σπουδών;46;Πάτρα
76;Θεάτρου;21;Θεσσαλονίκη
87;Κινηματογράφου;21;Θεσσαλονίκη
75;Θεατρικών Σπουδών;4;Αθήνα
75;Θεατρικών Σπουδών;43;Ναύπλιο
75;Θεατρικών Σπουδών;46;Πάτρα
76;Θεάτρου;21;Θεσσαλονίκη
87;Κινηματογράφου;21;Θεσσαλονίκη
75;Θεατρικών Σπουδών;4;Αθήνα
75;Θεατρικών Σπουδών;43;Ναύπλιο
75;Θεατρικών Σπουδών;46;Πάτρα
76;Θεάτρου;21;Θεσσαλονίκη
87;Κινηματογράφου;21;Θεσσαλονίκη
36;Διαχείρισης Πολιτισμικού Περιβάλλοντος & Νέων Τεχνολογιών;3;Αγρίνιο
158;Πολιτισμικής Τεχνολογίας & Επικοινωνίας;41;Μυτιλήνη
36;Διαχείρισης Πολιτισμικού Περιβάλλοντος & Νέων Τεχνολογιών;3;Αγρίνιο
158;Πολιτισμικής Τεχνολογίας & Επικοινωνίας;41;Μυτιλήνη
75;Θεατρικών Σπουδών;4;Αθήνα
75;Θεατρικών Σπουδών;43;Ναύπλιο
75;Θεατρικών Σπουδών;46;Πάτρα
76;Θεάτρου;21;Θεσσαλονίκη
75;Θεατρικών Σπουδών;4;Αθήνα
75;Θεατρικών Σπουδών;43;Ναύπλιο
75;Θεατρικών Σπουδών;46;Πάτρα
76;Θεάτρου;21;Θεσσαλονίκη
78;Θεωρίας & Ιστορίας της Τέχνης;4;Αθήνα
87;Κινηματογράφου;21;Θεσσαλονίκη
78;Θεωρίας & Ιστορίας της Τέχνης;4;Αθήνα
144;Πλαστικών Τεχνών & Επιστημών Της Τέχνης;24;Ιωάννινα
78;Θεωρίας & Ιστορίας της Τέχνης;4;Αθήνα
144;Πλαστικών Τεχνών & Επιστημών Της Τέχνης;24;Ιωάννινα
123;Μουσικής Επιστήμης & Τέχνης;21;Θεσσαλονίκη
124;Μουσικών Σπουδών;4;Αθήνα
124;Μουσικών Σπουδών;21;Θεσσαλονίκη
124;Μουσικών Σπουδών;30;Κέρκυρα
123;Μουσικής Επιστήμης & Τέχνης;21;Θεσσαλονίκη
124;Μουσικών Σπουδών;4;Αθήνα
124;Μουσικών Σπουδών;21;Θεσσαλονίκη
124;Μουσικών Σπουδών;30;Κέρκυρα
201;Τ.Ε.Ι. Λαϊκής & Παραδοσιακής Μουσικής;11;Άρτα
123;Μουσικής Επιστήμης & Τέχνης;21;Θεσσαλονίκη
124;Μουσικών Σπουδών;4;Αθήνα
124;Μουσικών Σπουδών;21;Θεσσαλονίκη
124;Μουσικών Σπουδών;30;Κέρκυρα
123;Μουσικής Επιστήμης & Τέχνης;21;Θεσσαλονίκη
124;Μουσικών Σπουδών;4;Αθήνα
124;Μουσικών Σπουδών;21;Θεσσαλονίκη
124;Μουσικών Σπουδών;30;Κέρκυρα
36;Διαχείρισης Πολιτισμικού Περιβάλλοντος & Νέων Τεχνολογιών;3;Αγρίνιο
158;Πολιτισμικής Τεχνολογίας & Επικοινωνίας;41;Μυτιλήνη
106;Μηχανικών Μουσικής Τεχνολογίας & Ακουστικής;52;Ρεθύμνο
221;Τ.Ε.Ι. Τεχνολογίας Ήχου & Μουσικών Οργάνων;39;Ληξούρι
231;Τεχνών Ήχου & Εικόνας;30;Κέρκυρα
208;Τ.Ε.Ι. Μηχανικών Μουσικής Τεχνολογίας & Ακουστικής;52;Ρεθύμνο
221;Τ.Ε.Ι. Τεχνολογίας Ήχου & Μουσικών Οργάνων;39;Ληξούρι
78;Θεωρίας & Ιστορίας της Τέχνης;4;Αθήνα
144;Πλαστικών Τεχνών & Επιστημών Της Τέχνης;24;Ιωάννινα
201;Τ.Ε.Ι. Λαϊκής & Παραδοσιακής Μουσικής;11;Άρτα
226;Τ.Ε.Ι. Φωτογραφίας & Οπτικοακουστικών;4;Αθήνα
226;Τ.Ε.Ι. Φωτογραφίας & Οπτικοακουστικών;4;Αθήνα
174;Σχεδιασμού & Τεχνολογίας Ένδυσης;31;Κιλκίς
174;Σχεδιασμού & Τεχνολογίας Ένδυσης;31;Κιλκίς
113;Μηχανικών Σχεδίασης Προϊόντων & Συστημάτων;59;Σύρος
187;Τ.Ε.Ι. Γραφιστικής;4;Αθήνα
188;Τ.Ε.Ι. Γραφιστικής - Τεχνολογίας Γραφικών Τεχνών;4;Αθήνα
228;ΤΕΙ Μηχανολόγων Μηχανικών και Βιομηχανικού Σχεδιασμού;32;Κοζάνη
187;Τ.Ε.Ι. Γραφιστικής;4;Αθήνα
188;Τ.Ε.Ι. Γραφιστικής - Τεχνολογίας Γραφικών Τεχνών;4;Αθήνα
36;Διαχείρισης Πολιτισμικού Περιβάλλοντος & Νέων Τεχνολογιών;3;Αγρίνιο
158;Πολιτισμικής Τεχνολογίας & Επικοινωνίας;41;Μυτιλήνη
251;Συντήρησης Αρχαιοτήτων & Έργων Τέχνης (Τ.Ε.Ι.);4;Αθήνα
173;Συντήρησης Πολιτισμικής Κληρονομιάς ΤΕ;18;Ζάκυνθος
251;Συντήρησης Αρχαιοτήτων & Έργων Τέχνης (Τ.Ε.Ι.);4;Αθήνα
173;Συντήρησης Πολιτισμικής Κληρονομιάς ΤΕ;18;Ζάκυνθος
175;Σχεδιασμού & Τεχνολογίας Ξύλου & Επίπλου ΤΕ;27;Καρδίτσα
175;Σχεδιασμού & Τεχνολογίας Ξύλου & Επίπλου ΤΕ;27;Καρδίτσα
11;Αρχιτεκτόνων Μηχανικών;4;Αθήνα
11;Αρχιτεκτόνων Μηχανικών;13;Βόλος
11;Αρχιτεκτόνων Μηχανικών;21;Θεσσαλονίκη
11;Αρχιτεκτόνων Μηχανικών;44;Ξάνθη
11;Αρχιτεκτόνων Μηχανικών;46;Πάτρα
11;Αρχιτεκτόνων Μηχανικών;64;Χανιά
67;Εσωτερικής Αρχιτεκτονικής, Διακόσμησης & Σχεδιασμού Αντικειμένων;4;Αθήνα
11;Αρχιτεκτόνων Μηχανικών;4;Αθήνα
11;Αρχιτεκτόνων Μηχανικών;13;Βόλος
11;Αρχιτεκτόνων Μηχανικών;21;Θεσσαλονίκη
11;Αρχιτεκτόνων Μηχανικών;44;Ξάνθη
11;Αρχιτεκτόνων Μηχανικών;46;Πάτρα
11;Αρχιτεκτόνων Μηχανικών;64;Χανιά
67;Εσωτερικής Αρχιτεκτονικής, Διακόσμησης & Σχεδιασμού Αντικειμένων;4;Αθήνα
239;Φυσικής;4;Αθήνα
239;Φυσικής;20;Ηράκλειο
239;Φυσικής;21;Θεσσαλονίκη
239;Φυσικής;24;Ιωάννινα
239;Φυσικής;46;Πάτρα
239;Φυσικής;4;Αθήνα
239;Φυσικής;20;Ηράκλειο
239;Φυσικής;21;Θεσσαλονίκη
239;Φυσικής;24;Ιωάννινα
239;Φυσικής;46;Πάτρα
239;Φυσικής;4;Αθήνα
239;Φυσικής;20;Ηράκλειο
239;Φυσικής;21;Θεσσαλονίκη
239;Φυσικής;24;Ιωάννινα
239;Φυσικής;46;Πάτρα
239;Φυσικής;4;Αθήνα
239;Φυσικής;20;Ηράκλειο
239;Φυσικής;21;Θεσσαλονίκη
239;Φυσικής;24;Ιωάννινα
239;Φυσικής;46;Πάτρα
239;Φυσικής;4;Αθήνα
239;Φυσικής;20;Ηράκλειο
239;Φυσικής;21;Θεσσαλονίκη
239;Φυσικής;24;Ιωάννινα
239;Φυσικής;46;Πάτρα
70;Εφαρμοσμένων Μαθηματικών & Φυσικών Επιστημών;4;Αθήνα
239;Φυσικής;4;Αθήνα
239;Φυσικής;20;Ηράκλειο
239;Φυσικής;21;Θεσσαλονίκη
239;Φυσικής;24;Ιωάννινα
239;Φυσικής;46;Πάτρα
69;Εφαρμοσμένων Μαθηματικών;20;Ηράκλειο
70;Εφαρμοσμένων Μαθηματικών & Φυσικών Επιστημών;4;Αθήνα
97;Μαθηματικών;4;Αθήνα
97;Μαθηματικών;21;Θεσσαλονίκη
97;Μαθηματικών;24;Ιωάννινα
97;Μαθηματικών;46;Πάτρα
97;Μαθηματικών;54;Σάμος
69;Εφαρμοσμένων Μαθηματικών;20;Ηράκλειο
97;Μαθηματικών;4;Αθήνα
97;Μαθηματικών;21;Θεσσαλονίκη
97;Μαθηματικών;24;Ιωάννινα
97;Μαθηματικών;46;Πάτρα
97;Μαθηματικών;54;Σάμος
170;Στατιστικής;4;Αθήνα
170;Στατιστικής;54;Σάμος
171;Στατιστικής & Ασφαλιστικής Επιστήμης;48;Πειραιάς
69;Εφαρμοσμένων Μαθηματικών;20;Ηράκλειο
97;Μαθηματικών;4;Αθήνα
97;Μαθηματικών;21;Θεσσαλονίκη
97;Μαθηματικών;24;Ιωάννινα
97;Μαθηματικών;46;Πάτρα
97;Μαθηματικών;54;Σάμος
170;Στατιστικής;4;Αθήνα
170;Στατιστικής;54;Σάμος
171;Στατιστικής & Ασφαλιστικής Επιστήμης;48;Πειραιάς
69;Εφαρμοσμένων Μαθηματικών;20;Ηράκλειο
70;Εφαρμοσμένων Μαθηματικών & Φυσικών Επιστημών;4;Αθήνα
97;Μαθηματικών;4;Αθήνα
97;Μαθηματικών;21;Θεσσαλονίκη
97;Μαθηματικών;24;Ιωάννινα
97;Μαθηματικών;46;Πάτρα
97;Μαθηματικών;54;Σάμος
69;Εφαρμοσμένων Μαθηματικών;20;Ηράκλειο
97;Μαθηματικών;4;Αθήνα
97;Μαθηματικών;21;Θεσσαλονίκη
97;Μαθηματικών;24;Ιωάννινα
97;Μαθηματικών;46;Πάτρα
97;Μαθηματικών;54;Σάμος
170;Στατιστικής;4;Αθήνα
170;Στατιστικής;54;Σάμος
171;Στατιστικής & Ασφαλιστικής Επιστήμης;48;Πειραιάς
69;Εφαρμοσμένων Μαθηματικών;20;Ηράκλειο
97;Μαθηματικών;4;Αθήνα
97;Μαθηματικών;21;Θεσσαλονίκη
97;Μαθηματικών;24;Ιωάννινα
97;Μαθηματικών;46;Πάτρα
97;Μαθηματικών;54;Σάμος
170;Στατιστικής;4;Αθήνα
170;Στατιστικής;54;Σάμος
171;Στατιστικής & Ασφαλιστικής Επιστήμης;48;Πειραιάς
20;Βιοτεχνολογίας Αθήνας;4;Αθήνα
11;Αρχιτεκτόνων Μηχανικών;4;Αθήνα
11;Αρχιτεκτόνων Μηχανικών;13;Βόλος
11;Αρχιτεκτόνων Μηχανικών;21;Θεσσαλονίκη
11;Αρχιτεκτόνων Μηχανικών;44;Ξάνθη
11;Αρχιτεκτόνων Μηχανικών;46;Πάτρα
11;Αρχιτεκτόνων Μηχανικών;64;Χανιά
67;Εσωτερικής Αρχιτεκτονικής, Διακόσμησης & Σχεδιασμού Αντικειμένων;4;Αθήνα
11;Αρχιτεκτόνων Μηχανικών;4;Αθήνα
11;Αρχιτεκτόνων Μηχανικών;13;Βόλος
11;Αρχιτεκτόνων Μηχανικών;21;Θεσσαλονίκη
11;Αρχιτεκτόνων Μηχανικών;44;Ξάνθη
11;Αρχιτεκτόνων Μηχανικών;46;Πάτρα
11;Αρχιτεκτόνων Μηχανικών;64;Χανιά
11;Αρχιτεκτόνων Μηχανικών;4;Αθήνα
11;Αρχιτεκτόνων Μηχανικών;13;Βόλος
11;Αρχιτεκτόνων Μηχανικών;21;Θεσσαλονίκη
11;Αρχιτεκτόνων Μηχανικών;44;Ξάνθη
11;Αρχιτεκτόνων Μηχανικών;46;Πάτρα
11;Αρχιτεκτόνων Μηχανικών;64;Χανιά
11;Αρχιτεκτόνων Μηχανικών;4;Αθήνα
11;Αρχιτεκτόνων Μηχανικών;13;Βόλος
11;Αρχιτεκτόνων Μηχανικών;21;Θεσσαλονίκη
11;Αρχιτεκτόνων Μηχανικών;44;Ξάνθη
11;Αρχιτεκτόνων Μηχανικών;46;Πάτρα
11;Αρχιτεκτόνων Μηχανικών;64;Χανιά
67;Εσωτερικής Αρχιτεκτονικής, Διακόσμησης & Σχεδιασμού Αντικειμένων;4;Αθήνα
50;Εκπαιδευτικών Πολιτικών Μηχανικών Α.Σ.ΠΑΙ.Τ.Ε.;4;Αθήνα
115;Μηχανικών Τοπογραφίας & Γεωπληροφορικής ΤΕ;4;Αθήνα
115;Μηχανικών Τοπογραφίας & Γεωπληροφορικής ΤΕ;55;Σέρρες
156;Πολιτικών Μηχανικών;4;Αθήνα
156;Πολιτικών Μηχανικών;13;Βόλος
156;Πολιτικών Μηχανικών;21;Θεσσαλονίκη
156;Πολιτικών Μηχανικών;44;Ξάνθη
156;Πολιτικών Μηχανικών;46;Πάτρα
217;Τ.Ε.Ι. Πολιτικών Μηχανικών ΤΕ;21;Θεσσαλονίκη
217;Τ.Ε.Ι. Πολιτικών Μηχανικών ΤΕ;36;Λάρισα
217;Τ.Ε.Ι. Πολιτικών Μηχανικών ΤΕ;46;Πάτρα
217;Τ.Ε.Ι. Πολιτικών Μηχανικών ΤΕ;48;Πειραιάς
217;Τ.Ε.Ι. Πολιτικών Μηχανικών ΤΕ;60;Τρίκαλα
218;Τ.Ε.Ι. Πολιτικών Μηχανικών ΤΕ και Μηχανικών Τοπογραφίας & Γεωπληροφορικής;4;Αθήνα
218;Τ.Ε.Ι. Πολιτικών Μηχανικών ΤΕ και Μηχανικών Τοπογραφίας & Γεωπληροφορικής;55;Σέρρες
50;Εκπαιδευτικών Πολιτικών Μηχανικών Α.Σ.ΠΑΙ.Τ.Ε.;4;Αθήνα
115;Μηχανικών Τοπογραφίας & Γεωπληροφορικής ΤΕ;4;Αθήνα
115;Μηχανικών Τοπογραφίας & Γεωπληροφορικής ΤΕ;55;Σέρρες
156;Πολιτικών Μηχανικών;4;Αθήνα
156;Πολιτικών Μηχανικών;13;Βόλος
156;Πολιτικών Μηχανικών;21;Θεσσαλονίκη
156;Πολιτικών Μηχανικών;44;Ξάνθη
156;Πολιτικών Μηχανικών;46;Πάτρα
217;Τ.Ε.Ι. Πολιτικών Μηχανικών ΤΕ;21;Θεσσαλονίκη
217;Τ.Ε.Ι. Πολιτικών Μηχανικών ΤΕ;36;Λάρισα
217;Τ.Ε.Ι. Πολιτικών Μηχανικών ΤΕ;46;Πάτρα
217;Τ.Ε.Ι. Πολιτικών Μηχανικών ΤΕ;48;Πειραιάς
217;Τ.Ε.Ι. Πολιτικών Μηχανικών ΤΕ;60;Τρίκαλα
218;Τ.Ε.Ι. Πολιτικών Μηχανικών ΤΕ και Μηχανικών Τοπογραφίας & Γεωπληροφορικής;4;Αθήνα
218;Τ.Ε.Ι. Πολιτικών Μηχανικών ΤΕ και Μηχανικών Τοπογραφίας & Γεωπληροφορικής;55;Σέρρες
50;Εκπαιδευτικών Πολιτικών Μηχανικών Α.Σ.ΠΑΙ.Τ.Ε.;4;Αθήνα
115;Μηχανικών Τοπογραφίας & Γεωπληροφορικής ΤΕ;4;Αθήνα
115;Μηχανικών Τοπογραφίας & Γεωπληροφορικής ΤΕ;55;Σέρρες
156;Πολιτικών Μηχανικών;4;Αθήνα
156;Πολιτικών Μηχανικών;13;Βόλος
156;Πολιτικών Μηχανικών;21;Θεσσαλονίκη
156;Πολιτικών Μηχανικών;44;Ξάνθη
156;Πολιτικών Μηχανικών;46;Πάτρα
217;Τ.Ε.Ι. Πολιτικών Μηχανικών ΤΕ;21;Θεσσαλονίκη
217;Τ.Ε.Ι. Πολιτικών Μηχανικών ΤΕ;36;Λάρισα
217;Τ.Ε.Ι. Πολιτικών Μηχανικών ΤΕ;46;Πάτρα
217;Τ.Ε.Ι. Πολιτικών Μηχανικών ΤΕ;48;Πειραιάς
217;Τ.Ε.Ι. Πολιτικών Μηχανικών ΤΕ;60;Τρίκαλα
218;Τ.Ε.Ι. Πολιτικών Μηχανικών ΤΕ και Μηχανικών Τοπογραφίας & Γεωπληροφορικής;4;Αθήνα
218;Τ.Ε.Ι. Πολιτικών Μηχανικών ΤΕ και Μηχανικών Τοπογραφίας & Γεωπληροφορικής;55;Σέρρες
50;Εκπαιδευτικών Πολιτικών Μηχανικών Α.Σ.ΠΑΙ.Τ.Ε.;4;Αθήνα
115;Μηχανικών Τοπογραφίας & Γεωπληροφορικής ΤΕ;4;Αθήνα
115;Μηχανικών Τοπογραφίας & Γεωπληροφορικής ΤΕ;55;Σέρρες
156;Πολιτικών Μηχανικών;4;Αθήνα
156;Πολιτικών Μηχανικών;13;Βόλος
156;Πολιτικών Μηχανικών;21;Θεσσαλονίκη
156;Πολιτικών Μηχανικών;44;Ξάνθη
156;Πολιτικών Μηχανικών;46;Πάτρα
217;Τ.Ε.Ι. Πολιτικών Μηχανικών ΤΕ;21;Θεσσαλονίκη
217;Τ.Ε.Ι. Πολιτικών Μηχανικών ΤΕ;36;Λάρισα
217;Τ.Ε.Ι. Πολιτικών Μηχανικών ΤΕ;46;Πάτρα
217;Τ.Ε.Ι. Πολιτικών Μηχανικών ΤΕ;48;Πειραιάς
217;Τ.Ε.Ι. Πολιτικών Μηχανικών ΤΕ;60;Τρίκαλα
218;Τ.Ε.Ι. Πολιτικών Μηχανικών ΤΕ και Μηχανικών Τοπογραφίας & Γεωπληροφορικής;4;Αθήνα
218;Τ.Ε.Ι. Πολιτικών Μηχανικών ΤΕ και Μηχανικών Τοπογραφίας & Γεωπληροφορικής;55;Σέρρες
50;Εκπαιδευτικών Πολιτικών Μηχανικών Α.Σ.ΠΑΙ.Τ.Ε.;4;Αθήνα
115;Μηχανικών Τοπογραφίας & Γεωπληροφορικής ΤΕ;4;Αθήνα
115;Μηχανικών Τοπογραφίας & Γεωπληροφορικής ΤΕ;55;Σέρρες
156;Πολιτικών Μηχανικών;4;Αθήνα
156;Πολιτικών Μηχανικών;13;Βόλος
156;Πολιτικών Μηχανικών;21;Θεσσαλονίκη
156;Πολιτικών Μηχανικών;44;Ξάνθη
156;Πολιτικών Μηχανικών;46;Πάτρα
217;Τ.Ε.Ι. Πολιτικών Μηχανικών ΤΕ;21;Θεσσαλονίκη
217;Τ.Ε.Ι. Πολιτικών Μηχανικών ΤΕ;36;Λάρισα
217;Τ.Ε.Ι. Πολιτικών Μηχανικών ΤΕ;46;Πάτρα
217;Τ.Ε.Ι. Πολιτικών Μηχανικών ΤΕ;48;Πειραιάς
217;Τ.Ε.Ι. Πολιτικών Μηχανικών ΤΕ;60;Τρίκαλα
218;Τ.Ε.Ι. Πολιτικών Μηχανικών ΤΕ και Μηχανικών Τοπογραφίας & Γεωπληροφορικής;4;Αθήνα
218;Τ.Ε.Ι. Πολιτικών Μηχανικών ΤΕ και Μηχανικών Τοπογραφίας & Γεωπληροφορικής;55;Σέρρες
50;Εκπαιδευτικών Πολιτικών Μηχανικών Α.Σ.ΠΑΙ.Τ.Ε.;4;Αθήνα
115;Μηχανικών Τοπογραφίας & Γεωπληροφορικής ΤΕ;4;Αθήνα
115;Μηχανικών Τοπογραφίας & Γεωπληροφορικής ΤΕ;55;Σέρρες
156;Πολιτικών Μηχανικών;4;Αθήνα
156;Πολιτικών Μηχανικών;13;Βόλος
156;Πολιτικών Μηχανικών;21;Θεσσαλονίκη
156;Πολιτικών Μηχανικών;44;Ξάνθη
156;Πολιτικών Μηχανικών;46;Πάτρα
217;Τ.Ε.Ι. Πολιτικών Μηχανικών ΤΕ;21;Θεσσαλονίκη
217;Τ.Ε.Ι. Πολιτικών Μηχανικών ΤΕ;36;Λάρισα
217;Τ.Ε.Ι. Πολιτικών Μηχανικών ΤΕ;46;Πάτρα
217;Τ.Ε.Ι. Πολιτικών Μηχανικών ΤΕ;48;Πειραιάς
217;Τ.Ε.Ι. Πολιτικών Μηχανικών ΤΕ;60;Τρίκαλα
218;Τ.Ε.Ι. Πολιτικών Μηχανικών ΤΕ και Μηχανικών Τοπογραφίας & Γεωπληροφορικής;4;Αθήνα
218;Τ.Ε.Ι. Πολιτικών Μηχανικών ΤΕ και Μηχανικών Τοπογραφίας & Γεωπληροφορικής;55;Σέρρες
50;Εκπαιδευτικών Πολιτικών Μηχανικών Α.Σ.ΠΑΙ.Τ.Ε.;4;Αθήνα
115;Μηχανικών Τοπογραφίας & Γεωπληροφορικής ΤΕ;4;Αθήνα
115;Μηχανικών Τοπογραφίας & Γεωπληροφορικής ΤΕ;55;Σέρρες
156;Πολιτικών Μηχανικών;4;Αθήνα
156;Πολιτικών Μηχανικών;13;Βόλος
156;Πολιτικών Μηχανικών;21;Θεσσαλονίκη
156;Πολιτικών Μηχανικών;44;Ξάνθη
156;Πολιτικών Μηχανικών;46;Πάτρα
217;Τ.Ε.Ι. Πολιτικών Μηχανικών ΤΕ;21;Θεσσαλονίκη
217;Τ.Ε.Ι. Πολιτικών Μηχανικών ΤΕ;36;Λάρισα
217;Τ.Ε.Ι. Πολιτικών Μηχανικών ΤΕ;46;Πάτρα
217;Τ.Ε.Ι. Πολιτικών Μηχανικών ΤΕ;48;Πειραιάς
217;Τ.Ε.Ι. Πολιτικών Μηχανικών ΤΕ;60;Τρίκαλα
218;Τ.Ε.Ι. Πολιτικών Μηχανικών ΤΕ και Μηχανικών Τοπογραφίας & Γεωπληροφορικής;4;Αθήνα
218;Τ.Ε.Ι. Πολιτικών Μηχανικών ΤΕ και Μηχανικών Τοπογραφίας & Γεωπληροφορικής;55;Σέρρες
2;Αγρονόμων και Τοπογράφων Μηχανικών;4;Αθήνα
2;Αγρονόμων και Τοπογράφων Μηχανικών;21;Θεσσαλονίκη
115;Μηχανικών Τοπογραφίας & Γεωπληροφορικής ΤΕ;4;Αθήνα
115;Μηχανικών Τοπογραφίας & Γεωπληροφορικής ΤΕ;55;Σέρρες
117;Μηχανικών Χωροταξίας & Ανάπτυξης;21;Θεσσαλονίκη
150;Πολεοδομίας & Περιφερειακής Ανάπτυξης;13;Βόλος
157;Πολιτικών Μηχανικών ΤΕ και Μηχανικών Τοπογραφίας & Γεωπληροφορικής ΤΕ;4;Αθήνα
157;Πολιτικών Μηχανικών ΤΕ και Μηχανικών Τοπογραφίας & Γεωπληροφορικής ΤΕ;55;Σέρρες
50;Εκπαιδευτικών Πολιτικών Μηχανικών Α.Σ.ΠΑΙ.Τ.Ε.;4;Αθήνα
115;Μηχανικών Τοπογραφίας & Γεωπληροφορικής ΤΕ;4;Αθήνα
115;Μηχανικών Τοπογραφίας & Γεωπληροφορικής ΤΕ;55;Σέρρες
156;Πολιτικών Μηχανικών;4;Αθήνα
156;Πολιτικών Μηχανικών;13;Βόλος
156;Πολιτικών Μηχανικών;21;Θεσσαλονίκη
156;Πολιτικών Μηχανικών;44;Ξάνθη
156;Πολιτικών Μηχανικών;46;Πάτρα
217;Τ.Ε.Ι. Πολιτικών Μηχανικών ΤΕ;21;Θεσσαλονίκη
217;Τ.Ε.Ι. Πολιτικών Μηχανικών ΤΕ;36;Λάρισα
217;Τ.Ε.Ι. Πολιτικών Μηχανικών ΤΕ;46;Πάτρα
217;Τ.Ε.Ι. Πολιτικών Μηχανικών ΤΕ;48;Πειραιάς
217;Τ.Ε.Ι. Πολιτικών Μηχανικών ΤΕ;60;Τρίκαλα
218;Τ.Ε.Ι. Πολιτικών Μηχανικών ΤΕ και Μηχανικών Τοπογραφίας & Γεωπληροφορικής;4;Αθήνα
218;Τ.Ε.Ι. Πολιτικών Μηχανικών ΤΕ και Μηχανικών Τοπογραφίας & Γεωπληροφορικής;55;Σέρρες
2;Αγρονόμων και Τοπογράφων Μηχανικών;4;Αθήνα
2;Αγρονόμων και Τοπογράφων Μηχανικών;21;Θεσσαλονίκη
115;Μηχανικών Τοπογραφίας & Γεωπληροφορικής ΤΕ;4;Αθήνα
115;Μηχανικών Τοπογραφίας & Γεωπληροφορικής ΤΕ;55;Σέρρες
117;Μηχανικών Χωροταξίας & Ανάπτυξης;21;Θεσσαλονίκη
150;Πολεοδομίας & Περιφερειακής Ανάπτυξης;13;Βόλος
157;Πολιτικών Μηχανικών ΤΕ και Μηχανικών Τοπογραφίας & Γεωπληροφορικής ΤΕ;4;Αθήνα
157;Πολιτικών Μηχανικών ΤΕ και Μηχανικών Τοπογραφίας & Γεωπληροφορικής ΤΕ;55;Σέρρες
2;Αγρονόμων και Τοπογράφων Μηχανικών;4;Αθήνα
2;Αγρονόμων και Τοπογράφων Μηχανικών;21;Θεσσαλονίκη
115;Μηχανικών Τοπογραφίας & Γεωπληροφορικής ΤΕ;4;Αθήνα
115;Μηχανικών Τοπογραφίας & Γεωπληροφορικής ΤΕ;55;Σέρρες
117;Μηχανικών Χωροταξίας & Ανάπτυξης;21;Θεσσαλονίκη
150;Πολεοδομίας & Περιφερειακής Ανάπτυξης;13;Βόλος
157;Πολιτικών Μηχανικών ΤΕ και Μηχανικών Τοπογραφίας & Γεωπληροφορικής ΤΕ;4;Αθήνα
157;Πολιτικών Μηχανικών ΤΕ και Μηχανικών Τοπογραφίας & Γεωπληροφορικής ΤΕ;55;Σέρρες
3;Αγροτικής Ανάπτυξης;45;Ορεστιάδα
4;Αγροτικής Οικονομίας και Ανάπτυξης;4;Αθήνα
8;Αξιοποίησης Φυσικών Πόρων και Γεωργικής Μηχανικής;4;Αθήνα
26;Γεωπονίας;21;Θεσσαλονίκη
28;Γεωπονίας, Φυτικής Παραγωγής και Αγροτικού Περιβάλλοντος;13;Βόλος
60;Επιστήμης Φυτικής Παραγωγής;4;Αθήνα
223;Τ.Ε.Ι. Τεχνολόγων Γεωπόνων;7;Αμαλιάδα
223;Τ.Ε.Ι. Τεχνολόγων Γεωπόνων;11;Άρτα
223;Τ.Ε.Ι. Τεχνολόγων Γεωπόνων;20;Ηράκλειο
223;Τ.Ε.Ι. Τεχνολόγων Γεωπόνων;21;Θεσσαλονίκη
223;Τ.Ε.Ι. Τεχνολόγων Γεωπόνων;26;Καλαμάτα
223;Τ.Ε.Ι. Τεχνολόγων Γεωπόνων;36;Λάρισα
223;Τ.Ε.Ι. Τεχνολόγων Γεωπόνων;62;Φλώρινα
3;Αγροτικής Ανάπτυξης;45;Ορεστιάδα
4;Αγροτικής Οικονομίας και Ανάπτυξης;4;Αθήνα
8;Αξιοποίησης Φυσικών Πόρων και Γεωργικής Μηχανικής;4;Αθήνα
26;Γεωπονίας;21;Θεσσαλονίκη
28;Γεωπονίας, Φυτικής Παραγωγής και Αγροτικού Περιβάλλοντος;13;Βόλος
60;Επιστήμης Φυτικής Παραγωγής;4;Αθήνα
223;Τ.Ε.Ι. Τεχνολόγων Γεωπόνων;7;Αμαλιάδα
223;Τ.Ε.Ι. Τεχνολόγων Γεωπόνων;11;Άρτα
223;Τ.Ε.Ι. Τεχνολόγων Γεωπόνων;20;Ηράκλειο
223;Τ.Ε.Ι. Τεχνολόγων Γεωπόνων;21;Θεσσαλονίκη
223;Τ.Ε.Ι. Τεχνολόγων Γεωπόνων;26;Καλαμάτα
223;Τ.Ε.Ι. Τεχνολόγων Γεωπόνων;36;Λάρισα
223;Τ.Ε.Ι. Τεχνολόγων Γεωπόνων;62;Φλώρινα
3;Αγροτικής Ανάπτυξης;45;Ορεστιάδα
4;Αγροτικής Οικονομίας και Ανάπτυξης;4;Αθήνα
8;Αξιοποίησης Φυσικών Πόρων και Γεωργικής Μηχανικής;4;Αθήνα
26;Γεωπονίας;21;Θεσσαλονίκη
28;Γεωπονίας, Φυτικής Παραγωγής και Αγροτικού Περιβάλλοντος;13;Βόλος
60;Επιστήμης Φυτικής Παραγωγής;4;Αθήνα
223;Τ.Ε.Ι. Τεχνολόγων Γεωπόνων;7;Αμαλιάδα
223;Τ.Ε.Ι. Τεχνολόγων Γεωπόνων;11;Άρτα
223;Τ.Ε.Ι. Τεχνολόγων Γεωπόνων;20;Ηράκλειο
223;Τ.Ε.Ι. Τεχνολόγων Γεωπόνων;21;Θεσσαλονίκη
223;Τ.Ε.Ι. Τεχνολόγων Γεωπόνων;26;Καλαμάτα
223;Τ.Ε.Ι. Τεχνολόγων Γεωπόνων;36;Λάρισα
223;Τ.Ε.Ι. Τεχνολόγων Γεωπόνων;62;Φλώρινα
3;Αγροτικής Ανάπτυξης;45;Ορεστιάδα
4;Αγροτικής Οικονομίας και Ανάπτυξης;4;Αθήνα
8;Αξιοποίησης Φυσικών Πόρων και Γεωργικής Μηχανικής;4;Αθήνα
26;Γεωπονίας;21;Θεσσαλονίκη
28;Γεωπονίας, Φυτικής Παραγωγής και Αγροτικού Περιβάλλοντος;13;Βόλος
60;Επιστήμης Φυτικής Παραγωγής;4;Αθήνα
223;Τ.Ε.Ι. Τεχνολόγων Γεωπόνων;7;Αμαλιάδα
223;Τ.Ε.Ι. Τεχνολόγων Γεωπόνων;11;Άρτα
223;Τ.Ε.Ι. Τεχνολόγων Γεωπόνων;20;Ηράκλειο
223;Τ.Ε.Ι. Τεχνολόγων Γεωπόνων;21;Θεσσαλονίκη
223;Τ.Ε.Ι. Τεχνολόγων Γεωπόνων;26;Καλαμάτα
223;Τ.Ε.Ι. Τεχνολόγων Γεωπόνων;36;Λάρισα
223;Τ.Ε.Ι. Τεχνολόγων Γεωπόνων;62;Φλώρινα
3;Αγροτικής Ανάπτυξης;45;Ορεστιάδα
4;Αγροτικής Οικονομίας και Ανάπτυξης;4;Αθήνα
8;Αξιοποίησης Φυσικών Πόρων και Γεωργικής Μηχανικής;4;Αθήνα
26;Γεωπονίας;21;Θεσσαλονίκη
28;Γεωπονίας, Φυτικής Παραγωγής και Αγροτικού Περιβάλλοντος;13;Βόλος
60;Επιστήμης Φυτικής Παραγωγής;4;Αθήνα
223;Τ.Ε.Ι. Τεχνολόγων Γεωπόνων;7;Αμαλιάδα
223;Τ.Ε.Ι. Τεχνολόγων Γεωπόνων;11;Άρτα
223;Τ.Ε.Ι. Τεχνολόγων Γεωπόνων;20;Ηράκλειο
223;Τ.Ε.Ι. Τεχνολόγων Γεωπόνων;21;Θεσσαλονίκη
223;Τ.Ε.Ι. Τεχνολόγων Γεωπόνων;26;Καλαμάτα
223;Τ.Ε.Ι. Τεχνολόγων Γεωπόνων;36;Λάρισα
223;Τ.Ε.Ι. Τεχνολόγων Γεωπόνων;62;Φλώρινα
3;Αγροτικής Ανάπτυξης;45;Ορεστιάδα
4;Αγροτικής Οικονομίας και Ανάπτυξης;4;Αθήνα
8;Αξιοποίησης Φυσικών Πόρων και Γεωργικής Μηχανικής;4;Αθήνα
26;Γεωπονίας;21;Θεσσαλονίκη
28;Γεωπονίας, Φυτικής Παραγωγής και Αγροτικού Περιβάλλοντος;13;Βόλος
60;Επιστήμης Φυτικής Παραγωγής;4;Αθήνα
223;Τ.Ε.Ι. Τεχνολόγων Γεωπόνων;7;Αμαλιάδα
223;Τ.Ε.Ι. Τεχνολόγων Γεωπόνων;11;Άρτα
223;Τ.Ε.Ι. Τεχνολόγων Γεωπόνων;20;Ηράκλειο
223;Τ.Ε.Ι. Τεχνολόγων Γεωπόνων;21;Θεσσαλονίκη
223;Τ.Ε.Ι. Τεχνολόγων Γεωπόνων;26;Καλαμάτα
223;Τ.Ε.Ι. Τεχνολόγων Γεωπόνων;36;Λάρισα
223;Τ.Ε.Ι. Τεχνολόγων Γεωπόνων;62;Φλώρινα
54;Επιστήμης Ζωικής Παραγωγής & Υδατοκαλλιεργειών;4;Αθήνα
3;Αγροτικής Ανάπτυξης;45;Ορεστιάδα
4;Αγροτικής Οικονομίας και Ανάπτυξης;4;Αθήνα
8;Αξιοποίησης Φυσικών Πόρων και Γεωργικής Μηχανικής;4;Αθήνα
26;Γεωπονίας;21;Θεσσαλονίκη
28;Γεωπονίας, Φυτικής Παραγωγής και Αγροτικού Περιβάλλοντος;13;Βόλος
60;Επιστήμης Φυτικής Παραγωγής;4;Αθήνα
223;Τ.Ε.Ι. Τεχνολόγων Γεωπόνων;7;Αμαλιάδα
223;Τ.Ε.Ι. Τεχνολόγων Γεωπόνων;11;Άρτα
223;Τ.Ε.Ι. Τεχνολόγων Γεωπόνων;20;Ηράκλειο
223;Τ.Ε.Ι. Τεχνολόγων Γεωπόνων;21;Θεσσαλονίκη
223;Τ.Ε.Ι. Τεχνολόγων Γεωπόνων;26;Καλαμάτα
223;Τ.Ε.Ι. Τεχνολόγων Γεωπόνων;36;Λάρισα
223;Τ.Ε.Ι. Τεχνολόγων Γεωπόνων;62;Φλώρινα
3;Αγροτικής Ανάπτυξης;45;Ορεστιάδα
4;Αγροτικής Οικονομίας και Ανάπτυξης;4;Αθήνα
8;Αξιοποίησης Φυσικών Πόρων και Γεωργικής Μηχανικής;4;Αθήνα
26;Γεωπονίας;21;Θεσσαλονίκη
28;Γεωπονίας, Φυτικής Παραγωγής και Αγροτικού Περιβάλλοντος;13;Βόλος
60;Επιστήμης Φυτικής Παραγωγής;4;Αθήνα
223;Τ.Ε.Ι. Τεχνολόγων Γεωπόνων;7;Αμαλιάδα
223;Τ.Ε.Ι. Τεχνολόγων Γεωπόνων;11;Άρτα
223;Τ.Ε.Ι. Τεχνολόγων Γεωπόνων;20;Ηράκλειο
223;Τ.Ε.Ι. Τεχνολόγων Γεωπόνων;21;Θεσσαλονίκη
223;Τ.Ε.Ι. Τεχνολόγων Γεωπόνων;26;Καλαμάτα
223;Τ.Ε.Ι. Τεχνολόγων Γεωπόνων;36;Λάρισα
223;Τ.Ε.Ι. Τεχνολόγων Γεωπόνων;62;Φλώρινα
3;Αγροτικής Ανάπτυξης;45;Ορεστιάδα
4;Αγροτικής Οικονομίας και Ανάπτυξης;4;Αθήνα
8;Αξιοποίησης Φυσικών Πόρων και Γεωργικής Μηχανικής;4;Αθήνα
26;Γεωπονίας;21;Θεσσαλονίκη
28;Γεωπονίας, Φυτικής Παραγωγής και Αγροτικού Περιβάλλοντος;13;Βόλος
60;Επιστήμης Φυτικής Παραγωγής;4;Αθήνα
223;Τ.Ε.Ι. Τεχνολόγων Γεωπόνων;7;Αμαλιάδα
223;Τ.Ε.Ι. Τεχνολόγων Γεωπόνων;11;Άρτα
223;Τ.Ε.Ι. Τεχνολόγων Γεωπόνων;20;Ηράκλειο
223;Τ.Ε.Ι. Τεχνολόγων Γεωπόνων;21;Θεσσαλονίκη
223;Τ.Ε.Ι. Τεχνολόγων Γεωπόνων;26;Καλαμάτα
223;Τ.Ε.Ι. Τεχνολόγων Γεωπόνων;36;Λάρισα
223;Τ.Ε.Ι. Τεχνολόγων Γεωπόνων;62;Φλώρινα
3;Αγροτικής Ανάπτυξης;45;Ορεστιάδα
4;Αγροτικής Οικονομίας και Ανάπτυξης;4;Αθήνα
8;Αξιοποίησης Φυσικών Πόρων και Γεωργικής Μηχανικής;4;Αθήνα
26;Γεωπονίας;21;Θεσσαλονίκη
28;Γεωπονίας, Φυτικής Παραγωγής και Αγροτικού Περιβάλλοντος;13;Βόλος
60;Επιστήμης Φυτικής Παραγωγής;4;Αθήνα
223;Τ.Ε.Ι. Τεχνολόγων Γεωπόνων;7;Αμαλιάδα
223;Τ.Ε.Ι. Τεχνολόγων Γεωπόνων;11;Άρτα
223;Τ.Ε.Ι. Τεχνολόγων Γεωπόνων;20;Ηράκλειο
223;Τ.Ε.Ι. Τεχνολόγων Γεωπόνων;21;Θεσσαλονίκη
223;Τ.Ε.Ι. Τεχνολόγων Γεωπόνων;26;Καλαμάτα
223;Τ.Ε.Ι. Τεχνολόγων Γεωπόνων;36;Λάρισα
223;Τ.Ε.Ι. Τεχνολόγων Γεωπόνων;62;Φλώρινα
57;Επιστήμης Τροφίμων & Διατροφής του Ανθρώπου;4;Αθήνα
57;Επιστήμης Τροφίμων & Διατροφής του Ανθρώπου;4;Αθήνα
57;Επιστήμης Τροφίμων & Διατροφής του Ανθρώπου;4;Αθήνα
57;Επιστήμης Τροφίμων & Διατροφής του Ανθρώπου;4;Αθήνα
57;Επιστήμης Τροφίμων & Διατροφής του Ανθρώπου;4;Αθήνα
227;Τ.Ε.Ι.Οινολογίας & Τεχνολογίας Ποτών;4;Αθήνα
227;Τ.Ε.Ι.Οινολογίας & Τεχνολογίας Ποτών;16;Δράμα
227;Τ.Ε.Ι.Οινολογίας & Τεχνολογίας Ποτών;4;Αθήνα
227;Τ.Ε.Ι.Οινολογίας & Τεχνολογίας Ποτών;16;Δράμα
54;Επιστήμης Ζωικής Παραγωγής & Υδατοκαλλιεργειών;4;Αθήνα
26;Γεωπονίας;21;Θεσσαλονίκη
54;Επιστήμης Ζωικής Παραγωγής & Υδατοκαλλιεργειών;4;Αθήνα
27;Γεωπονίας, Ιχθυολογίας και Υδάτινου Περιβάλλοντος;13;Βόλος
54;Επιστήμης Ζωικής Παραγωγής & Υδατοκαλλιεργειών;4;Αθήνα
229;ΤΕΙ Τεχνολογίας Αλιείας- Υδατοκαλλιεργειών;40;Μεσολόγγι
27;Γεωπονίας, Ιχθυολογίας και Υδάτινου Περιβάλλοντος;13;Βόλος
54;Επιστήμης Ζωικής Παραγωγής & Υδατοκαλλιεργειών;4;Αθήνα
229;ΤΕΙ Τεχνολογίας Αλιείας- Υδατοκαλλιεργειών;40;Μεσολόγγι
27;Γεωπονίας, Ιχθυολογίας και Υδάτινου Περιβάλλοντος;13;Βόλος
54;Επιστήμης Ζωικής Παραγωγής & Υδατοκαλλιεργειών;4;Αθήνα
229;ΤΕΙ Τεχνολογίας Αλιείας- Υδατοκαλλιεργειών;40;Μεσολόγγι
64;Επιστημών της Θάλασσας;41;Μυτιλήνη
64;Επιστημών της Θάλασσας;41;Μυτιλήνη
64;Επιστημών της Θάλασσας;41;Μυτιλήνη
