1;1;79;Ιατρικής
2;2;79;Ιατρικής
3;3;79;Ιατρικής
4;4;79;Ιατρικής
5;5;79;Ιατρικής
6;6;79;Ιατρικής
7;7;95;Κτηνιατρικής
8;8;95;Κτηνιατρικής
9;9;131;Οδοντιατρικής
10;10;131;Οδοντιατρικής
11;11;131;Οδοντιατρικής
12;12;129;Νοσηλευτικής
12;12;214;Τ.Ε.Ι. Νοσηλευτικής
13;13;129;Νοσηλευτικής
13;13;214;Τ.Ε.Ι. Νοσηλευτικής
14;14;129;Νοσηλευτικής
14;14;214;Τ.Ε.Ι. Νοσηλευτικής
15;15;129;Νοσηλευτικής
15;15;214;Τ.Ε.Ι. Νοσηλευτικής
16;16;233;Φαρμακευτικής
17;17;233;Φαρμακευτικής
18;18;233;Φαρμακευτικής
19;19;53;Επιστήμης Διαιτολογίας & Διατροφής
19;19;190;Τ.Ε.Ι. Διατροφής & Διαιτολογίας
20;20;53;Επιστήμης Διαιτολογίας & Διατροφής
20;20;190;Τ.Ε.Ι. Διατροφής & Διαιτολογίας
21;21;53;Επιστήμης Διαιτολογίας & Διατροφής
21;21;190;Τ.Ε.Ι. Διατροφής & Διαιτολογίας
22;22;53;Επιστήμης Διαιτολογίας & Διατροφής
22;22;190;Τ.Ε.Ι. Διατροφής & Διαιτολογίας
23;23;186;Τ.Ε.Ι. Αισθητικής & Κοσμητολογίας
24;24;186;Τ.Ε.Ι. Αισθητικής & Κοσμητολογίας
25;25;189;Τ.Ε.Ι. Δημόσιας Υγιείας & Κοινοτικής Υγείας
26;26;189;Τ.Ε.Ι. Δημόσιας Υγιείας & Κοινοτικής Υγείας
27;27;196;Τ.Ε.Ι. Εργοθεραπείας
28;28;198;Τ.Ε.Ι. Ιατρικών Εργαστηρίων
29;29;203;Τ.Ε.Ι. Λογοθεραπείας
30;30;203;Τ.Ε.Ι. Λογοθεραπείας
31;31;204;Τ.Ε.Ι. Μαιευτικής
32;32;215;Τ.Ε.Ι. Οδοντικής Τεχνολογίας
33;33;216;Τ.Ε.Ι. Οπτικής & Οπτομετρίας
34;34;220;Τ.Ε.Ι. Ραδιολογίας & Ακτινολογίας
35;35;225;Τ.Ε.Ι. Φυσικοθεραπείας
36;36;225;Τ.Ε.Ι. Φυσικοθεραπείας
37;37;152;Πολιτικής Επιστήμης & Δημόσιας Διοίκησης
37;37;151;Πολιτικής Επιστήμης
37;37;155;Πολιτικών Επιστημών
37;37;153;Πολιτικής Επιστήμης & Διεθνών Σχέσεων
37;37;154;Πολιτικής Επιστήμης & Ιστορίας
37;37;91;Κοινωνικής Διοίκησης και Πολιτικής Επιστήμης
38;38;91;Κοινωνικής Διοίκησης και Πολιτικής Επιστήμης
38;38;154;Πολιτικής Επιστήμης & Ιστορίας
38;38;151;Πολιτικής Επιστήμης
38;38;155;Πολιτικών Επιστημών
38;38;152;Πολιτικής Επιστήμης & Δημόσιας Διοίκησης
38;38;153;Πολιτικής Επιστήμης & Διεθνών Σχέσεων
39;39;91;Κοινωνικής Διοίκησης και Πολιτικής Επιστήμης
39;39;154;Πολιτικής Επιστήμης & Ιστορίας
39;39;151;Πολιτικής Επιστήμης
39;39;155;Πολιτικών Επιστημών
39;39;152;Πολιτικής Επιστήμης & Δημόσιας Διοίκησης
39;39;153;Πολιτικής Επιστήμης & Διεθνών Σχέσεων
40;40;128;Νομικής
41;41;128;Νομικής
42;42;128;Νομικής
43;43;128;Νομικής
44;44;128;Νομικής
45;45;128;Νομικής
46;46;240;Χημείας
47;47;240;Χημείας
48;48;240;Χημείας
49;49;240;Χημείας
50;50;56;Επιστήμης Τροφίμων & Διατροφής
50;50;222;Τ.Ε.Ι. Τεχνολογίας Τροφίμων
51;51;55;Επιστήμης Τεχνολογίας Υλικών
51;51;102;Μηχανικών Επιστήμης Υλικών
51;51;248;Επιστήμης των Υλικών
52;52;55;Επιστήμης Τεχνολογίας Υλικών
52;52;102;Μηχανικών Επιστήμης Υλικών
52;52;248;Επιστήμης των Υλικών
53;53;55;Επιστήμης Τεχνολογίας Υλικών
53;53;102;Μηχανικών Επιστήμης Υλικών
53;53;248;Επιστήμης των Υλικών
54;54;241;Χημικών Μηχανικών
55;55;241;Χημικών Μηχανικών
56;56;241;Χημικών Μηχανικών
57;57;122;Μοριακής Βιολογίας & Γενετικής
58;58;122;Μοριακής Βιολογίας & Γενετικής
59;59;16;Βιολογίας
59;59;17;Βιολογικών Εφαρμογών και Τεχνολογιών
59;59;21;Βιοχημείας και Βιοτεχνολογίας
60;60;16;Βιολογίας
60;60;17;Βιολογικών Εφαρμογών και Τεχνολογιών
60;60;21;Βιοχημείας και Βιοτεχνολογίας
61;61;16;Βιολογίας
61;61;17;Βιολογικών Εφαρμογών και Τεχνολογιών
61;61;21;Βιοχημείας και Βιοτεχνολογίας
62;62;16;Βιολογίας
62;62;17;Βιολογικών Εφαρμογών και Τεχνολογιών
62;62;21;Βιοχημείας και Βιοτεχνολογίας
63;63;72;Ηλεκτρολόγων Μηχανικών & Μηχανικών Υπολογιστών
63;63;73;Ηλεκτρολόγων Μηχανικών & Τεχνολογίας Υπολογιστών
64;64;72;Ηλεκτρολόγων Μηχανικών & Μηχανικών Υπολογιστών
64;64;73;Ηλεκτρολόγων Μηχανικών & Τεχνολογίας Υπολογιστών
65;65;72;Ηλεκτρολόγων Μηχανικών & Μηχανικών Υπολογιστών
65;65;73;Ηλεκτρολόγων Μηχανικών & Τεχνολογίας Υπολογιστών
66;66;72;Ηλεκτρολόγων Μηχανικών & Μηχανικών Υπολογιστών
66;66;73;Ηλεκτρολόγων Μηχανικών & Τεχνολογίας Υπολογιστών
67;67;48;Εκπαιδευτικών Ηλεκτρολόγων Μηχανικών
67;67;249;Εκπαιδευτικών Ηλεκτρονικών Μηχανικών
68;68;48;Εκπαιδευτικών Ηλεκτρολόγων Μηχανικών
68;68;249;Εκπαιδευτικών Ηλεκτρονικών Μηχανικών
69;69;184;Τ.Ε.Ι.  Ηλεκτρολόγων Μηχανικών ΤΕ
70;70;184;Τ.Ε.Ι.  Ηλεκτρολόγων Μηχανικών ΤΕ
71;71;197;Τ.Ε.Ι. Ηλεκτρονικών Μηχανικών ΤΕ
72;72;197;Τ.Ε.Ι. Ηλεκτρονικών Μηχανικών ΤΕ
73;73;205;Τ.Ε.Ι. Μηχανικών Αυτοματισμού ΤΕ
74;74;206;Τ.Ε.Ι. Μηχανικών Βιοϊατρικής Τεχνολογίας ΤΕ
75;75;126;Ναυτιλιακών Σπουδών
75;75;127;Ναυτιλίας & Επιχειρηματικών Υπηρεσιών
76;76;126;Ναυτιλιακών Σπουδών
76;76;127;Ναυτιλίας & Επιχειρηματικών Υπηρεσιών
77;77;126;Ναυτιλιακών Σπουδών
77;77;127;Ναυτιλίας & Επιχειρηματικών Υπηρεσιών
78;78;43;Διοίκησης Συστημάτων Εφοδιασμού
79;79;43;Διοίκησης Συστημάτων Εφοδιασμού
80;80;43;Διοίκησης Συστημάτων Εφοδιασμού
81;81;43;Διοίκησης Συστημάτων Εφοδιασμού
82;82;195;Τ.Ε.Ι. Διοίκησης, Οικονομίας και Επικοινωνίας Πολιτιστικών και Τουριστικών Μονάδων
82;82;191;Τ.Ε.Ι. Διοίκησης Επιχειρήσεων
83;83;195;Τ.Ε.Ι. Διοίκησης, Οικονομίας και Επικοινωνίας Πολιτιστικών και Τουριστικών Μονάδων
83;83;191;Τ.Ε.Ι. Διοίκησης Επιχειρήσεων
84;84;195;Τ.Ε.Ι. Διοίκησης, Οικονομίας και Επικοινωνίας Πολιτιστικών και Τουριστικών Μονάδων
84;84;191;Τ.Ε.Ι. Διοίκησης Επιχειρήσεων
85;85;195;Τ.Ε.Ι. Διοίκησης, Οικονομίας και Επικοινωνίας Πολιτιστικών και Τουριστικών Μονάδων
85;85;191;Τ.Ε.Ι. Διοίκησης Επιχειρήσεων
86;86;195;Τ.Ε.Ι. Διοίκησης, Οικονομίας και Επικοινωνίας Πολιτιστικών και Τουριστικών Μονάδων
86;86;191;Τ.Ε.Ι. Διοίκησης Επιχειρήσεων
87;87;195;Τ.Ε.Ι. Διοίκησης, Οικονομίας και Επικοινωνίας Πολιτιστικών και Τουριστικών Μονάδων
87;87;191;Τ.Ε.Ι. Διοίκησης Επιχειρήσεων
88;88;7;Ανώτερες Σχολές Τουριστικής Εκπαίδευσης (Α.Σ.Τ.Ε.)
89;89;7;Ανώτερες Σχολές Τουριστικής Εκπαίδευσης (Α.Σ.Τ.Ε.)
90;90;7;Ανώτερες Σχολές Τουριστικής Εκπαίδευσης (Α.Σ.Τ.Ε.)
91;91;7;Ανώτερες Σχολές Τουριστικής Εκπαίδευσης (Α.Σ.Τ.Ε.)
92;92;96;Λογιστικής & Χρηματοοικονομικής
92;92;202;Τ.Ε.Ι. Λογιστικής και Χρηματοοικονομικής
92;92;242;Χρηματοοικονομικής & Τραπεζικής Διοικητικής
93;93;96;Λογιστικής & Χρηματοοικονομικής
93;93;202;Τ.Ε.Ι. Λογιστικής και Χρηματοοικονομικής
93;93;242;Χρηματοοικονομικής & Τραπεζικής Διοικητικής
94;94;96;Λογιστικής & Χρηματοοικονομικής
94;94;202;Τ.Ε.Ι. Λογιστικής και Χρηματοοικονομικής
94;94;242;Χρηματοοικονομικής & Τραπεζικής Διοικητικής
95;95;96;Λογιστικής & Χρηματοοικονομικής
95;95;202;Τ.Ε.Ι. Λογιστικής και Χρηματοοικονομικής
95;95;242;Χρηματοοικονομικής & Τραπεζικής Διοικητικής
96;96;96;Λογιστικής & Χρηματοοικονομικής
96;96;202;Τ.Ε.Ι. Λογιστικής και Χρηματοοικονομικής
96;96;242;Χρηματοοικονομικής & Τραπεζικής Διοικητικής
97;97;96;Λογιστικής & Χρηματοοικονομικής
97;97;202;Τ.Ε.Ι. Λογιστικής και Χρηματοοικονομικής
97;97;242;Χρηματοοικονομικής & Τραπεζικής Διοικητικής
98;98;96;Λογιστικής & Χρηματοοικονομικής
98;98;202;Τ.Ε.Ι. Λογιστικής και Χρηματοοικονομικής
98;98;242;Χρηματοοικονομικής & Τραπεζικής Διοικητικής
99;99;170;Στατιστικής
99;99;171;Στατιστικής & Ασφαλιστικής Επιστήμης
99;99;5;Αναλογιστικών και Χρηματοοικονομικών Μαθηματικών
100;100;5;Αναλογιστικών και Χρηματοοικονομικών Μαθηματικών
100;100;170;Στατιστικής
100;100;171;Στατιστικής & Ασφαλιστικής Επιστήμης
101;101;5;Αναλογιστικών και Χρηματοοικονομικών Μαθηματικών
101;101;170;Στατιστικής
101;101;171;Στατιστικής & Ασφαλιστικής Επιστήμης
102;102;132;Οικιακής Οικονομίας & Οικολογίας
103;103;133;Οικονομικής & Περιφερειακής Ανάπτυξης
104;104;133;Οικονομικής & Περιφερειακής Ανάπτυξης
105;105;134;Οικονομικής Επιστήμης
105;105;135;Οικονομικών Επιστημών
106;106;134;Οικονομικής Επιστήμης
106;106;135;Οικονομικών Επιστημών
107;107;134;Οικονομικής Επιστήμης
107;107;135;Οικονομικών Επιστημών
108;108;134;Οικονομικής Επιστήμης
108;108;135;Οικονομικών Επιστημών
109;109;137;Οργάνωσης & Διοίκησης Επιχειρήσεων
110;110;137;Οργάνωσης & Διοίκησης Επιχειρήσεων
111;111;137;Οργάνωσης & Διοίκησης Επιχειρήσεων
112;112;191;Τ.Ε.Ι. Διοίκησης Επιχειρήσεων
113;113;191;Τ.Ε.Ι. Διοίκησης Επιχειρήσεων
114;114;191;Τ.Ε.Ι. Διοίκησης Επιχειρήσεων
115;115;42;Διοίκησης Επιχειρήσεων Αγροτικών Προϊόντων & Τροφίμων
116;116;98;Μάρκετινγκ & Επικοινωνίας
117;117;98;Μάρκετινγκ & Επικοινωνίας
118;118;136;Οργάνωσης & Διαχείρισης Αθλητισμού
119;119;136;Οργάνωσης & Διαχείρισης Αθλητισμού
120;120;193;Τ.Ε.Ι. Διοίκησης Επιχειρήσεων & Οργανισμών - Διοίκηση Μονάδων Υγείας και Πρόνοιας
120;120;192;Τ.Ε.Ι. Διοίκησης Επιχειρήσεων - Διοίκηση Μονάδων Υγείας και Πρόνοιας
121;121;193;Τ.Ε.Ι. Διοίκησης Επιχειρήσεων & Οργανισμών - Διοίκηση Μονάδων Υγείας και Πρόνοιας
121;121;192;Τ.Ε.Ι. Διοίκησης Επιχειρήσεων - Διοίκηση Μονάδων Υγείας και Πρόνοιας
122;122;18;Βιομηχανικής Διοίκησης και Τεχνολογίας
122;122;41;Διοίκησης Επιχειρήσεων
122;122;107;Μηχανικών Οικονομίας & Διοίκησης
123;123;18;Βιομηχανικής Διοίκησης και Τεχνολογίας
123;123;41;Διοίκησης Επιχειρήσεων
123;123;107;Μηχανικών Οικονομίας & Διοίκησης
124;124;194;Τ.Ε.Ι. Διοίκησης Επιχειρήσεων & Οργανισμών - Τοπικής Αυτοδιοίκησης
125;125;145;Πληροφορικής
125;125;58;Επιστήμης Υπολογιστών
126;126;145;Πληροφορικής
126;126;58;Επιστήμης Υπολογιστών
127;127;145;Πληροφορικής
127;127;58;Επιστήμης Υπολογιστών
128;128;145;Πληροφορικής
128;128;58;Επιστήμης Υπολογιστών
129;129;68;Εφαρμοσμένης Πληροφορικής
130;130;68;Εφαρμοσμένης Πληροφορικής
131;131;104;Μηχανικών Ηλεκτρονικών Υπολογιστικών Συστημάτων
131;131;103;Μηχανικών Η/Υ & Πληροφορικής
131;131;112;Μηχανικών Πληροφορικής & Τηλεπικοινωνιών
131;131;111;Μηχανικών Πληροφοριακών & Επικοινωνιακών Συστημάτων
131;131;209;Τ.Ε.Ι. Μηχανικών Πληροφορικής Τ.Ε.
132;132;104;Μηχανικών Ηλεκτρονικών Υπολογιστικών Συστημάτων
132;132;103;Μηχανικών Η/Υ & Πληροφορικής
132;132;112;Μηχανικών Πληροφορικής & Τηλεπικοινωνιών
132;132;111;Μηχανικών Πληροφοριακών & Επικοινωνιακών Συστημάτων
132;132;209;Τ.Ε.Ι. Μηχανικών Πληροφορικής Τ.Ε.
133;133;104;Μηχανικών Ηλεκτρονικών Υπολογιστικών Συστημάτων
133;133;103;Μηχανικών Η/Υ & Πληροφορικής
133;133;112;Μηχανικών Πληροφορικής & Τηλεπικοινωνιών
133;133;111;Μηχανικών Πληροφοριακών & Επικοινωνιακών Συστημάτων
133;133;209;Τ.Ε.Ι. Μηχανικών Πληροφορικής Τ.Ε.
134;134;146;Πληροφορικής & Τηλεματικής
134;134;147;Πληροφορικής & Τηλεπικοινωνιών
135;135;146;Πληροφορικής & Τηλεματικής
135;135;147;Πληροφορικής & Τηλεπικοινωνιών
136;136;148;Πληροφορικής με Εφαρμογές στη Βιοϊατρική
137;137;148;Πληροφορικής με Εφαρμογές στη Βιοϊατρική
138;138;245;Ψηφιακών Συστημάτων
139;139;245;Ψηφιακών Συστημάτων
140;140;24;Γεωλογίας
140;140;25;Γεωλογίας και Γεωπεριβάλλοντος
141;141;24;Γεωλογίας
141;141;25;Γεωλογίας και Γεωπεριβάλλοντος
142;142;24;Γεωλογίας
142;142;25;Γεωλογίας και Γεωπεριβάλλοντος
143;143;23;Γεωγραφίας
144;144;23;Γεωγραφίας
145;145;30;Δασολογίας & Διαχείρισης Περιβάλλοντος & Φυσικών Πόρων
145;145;31;Δασολογίας & Φυσικού Περιβάλλοντος
145;145;35;Διαχείρισης Περιβάλλοντος & Φυσικών Πόρων
146;146;30;Δασολογίας & Διαχείρισης Περιβάλλοντος & Φυσικών Πόρων
146;146;31;Δασολογίας & Φυσικού Περιβάλλοντος
146;146;35;Διαχείρισης Περιβάλλοντος & Φυσικών Πόρων
146;146;143;Περιβάλλοντος Αιγαίου
147;147;30;Δασολογίας & Διαχείρισης Περιβάλλοντος & Φυσικών Πόρων
147;147;31;Δασολογίας & Φυσικού Περιβάλλοντος
147;147;35;Διαχείρισης Περιβάλλοντος & Φυσικών Πόρων
147;147;143;Περιβάλλοντος Αιγαίου
148;148;30;Δασολογίας & Διαχείρισης Περιβάλλοντος & Φυσικών Πόρων
148;148;31;Δασολογίας & Φυσικού Περιβάλλοντος
148;148;32;Δασοπονίας και Διαχείρισης Φυσικού Περιβάλλοντος
148;148;35;Διαχείρισης Περιβάλλοντος & Φυσικών Πόρων
149;149;30;Δασολογίας & Διαχείρισης Περιβάλλοντος & Φυσικών Πόρων
149;149;31;Δασολογίας & Φυσικού Περιβάλλοντος
149;149;32;Δασοπονίας και Διαχείρισης Φυσικού Περιβάλλοντος
149;149;35;Διαχείρισης Περιβάλλοντος & Φυσικών Πόρων
150;150;30;Δασολογίας & Διαχείρισης Περιβάλλοντος & Φυσικών Πόρων
150;150;31;Δασολογίας & Φυσικού Περιβάλλοντος
150;150;32;Δασοπονίας και Διαχείρισης Φυσικού Περιβάλλοντος
150;150;35;Διαχείρισης Περιβάλλοντος & Φυσικών Πόρων
151;151;30;Δασολογίας & Διαχείρισης Περιβάλλοντος & Φυσικών Πόρων
151;151;31;Δασολογίας & Φυσικού Περιβάλλοντος
151;151;32;Δασοπονίας και Διαχείρισης Φυσικού Περιβάλλοντος
151;151;35;Διαχείρισης Περιβάλλοντος & Φυσικών Πόρων
151;151;143;Περιβάλλοντος Αιγαίου
151;151;230;Τεχνολόγων Περιβάλλοντος
152;152;30;Δασολογίας & Διαχείρισης Περιβάλλοντος & Φυσικών Πόρων
152;152;31;Δασολογίας & Φυσικού Περιβάλλοντος
152;152;32;Δασοπονίας και Διαχείρισης Φυσικού Περιβάλλοντος
152;152;35;Διαχείρισης Περιβάλλοντος & Φυσικών Πόρων
152;152;143;Περιβάλλοντος Αιγαίου
152;152;230;Τεχνολόγων Περιβάλλοντος
153;153;30;Δασολογίας & Διαχείρισης Περιβάλλοντος & Φυσικών Πόρων
153;153;31;Δασολογίας & Φυσικού Περιβάλλοντος
153;153;35;Διαχείρισης Περιβάλλοντος & Φυσικών Πόρων
153;153;143;Περιβάλλοντος Αιγαίου
153;153;230;Τεχνολόγων Περιβάλλοντος
154;154;108;Μηχανικών Ορυκτών Πόρων
155;155;142;Περιβάλλοντος
155;155;110;Μηχανικών Περιβάλλοντος
155;155;250;Μηχανικών Αντιρρύπανσης ΤΕ
155;155;101;Μηχανικών Γεωτεχνολογίας Περιβάλλοντος ΤΕ
155;155;211;Τ.Ε.Ι. Μηχανικών Φυσικών Πόρων & Περιβάλλοντος
155;155;224;Τ.Ε.Ι. Τεχνολόγων Περιβάλλοντος
156;156;110;Μηχανικών Περιβάλλοντος
156;156;101;Μηχανικών Γεωτεχνολογίας Περιβάλλοντος ΤΕ
156;156;142;Περιβάλλοντος
156;156;211;Τ.Ε.Ι. Μηχανικών Φυσικών Πόρων & Περιβάλλοντος
156;156;224;Τ.Ε.Ι. Τεχνολόγων Περιβάλλοντος
156;156;250;Μηχανικών Αντιρρύπανσης ΤΕ
157;157;110;Μηχανικών Περιβάλλοντος
157;157;101;Μηχανικών Γεωτεχνολογίας Περιβάλλοντος ΤΕ
157;157;142;Περιβάλλοντος
157;157;211;Τ.Ε.Ι. Μηχανικών Φυσικών Πόρων & Περιβάλλοντος
157;157;224;Τ.Ε.Ι. Τεχνολόγων Περιβάλλοντος
157;157;250;Μηχανικών Αντιρρύπανσης ΤΕ
158;158;114;Τ.Ε.Ι. Μηχανικών Τεχνολογίας Πετρελαίου & Φυσικού Αερίου ΤΕ
159;159;105;Μηχανικών Μεταλλείων - Μεταλλουργών
160;160;207;Τ.Ε.Ι. Μηχανικών Ενεργειακής Τεχνολογίας ΤΕ
161;161;125;Ναυπηγών Μηχανολόγων Μηχανικών
161;161;213;Τ.Ε.Ι. Ναυπηγών Μηχανικών
162;162;125;Ναυπηγών Μηχανολόγων Μηχανικών
162;162;213;Τ.Ε.Ι. Ναυπηγών Μηχανικών
163;163;118;Μηχανολόγων & Αεροναυπηγών Μηχανικών
164;164;119;Μηχανολόγων Μηχανικών
164;164;109;Μηχανικών Παραγωγής & Διοίκησης
164;164;185;Τ.Ε.Ι.  Μηχανολόγων Μηχανικών ΤΕ
165;165;119;Μηχανολόγων Μηχανικών
165;165;109;Μηχανικών Παραγωγής & Διοίκησης
165;165;185;Τ.Ε.Ι.  Μηχανολόγων Μηχανικών ΤΕ
166;166;119;Μηχανολόγων Μηχανικών
166;166;185;Τ.Ε.Ι.  Μηχανολόγων Μηχανικών ΤΕ
166;166;109;Μηχανικών Παραγωγής & Διοίκησης
167;167;119;Μηχανολόγων Μηχανικών
167;167;109;Μηχανικών Παραγωγής & Διοίκησης
167;167;228;ΤΕΙ Μηχανολόγων Μηχανικών και Βιομηχανικού Σχεδιασμού
167;167;185;Τ.Ε.Ι.  Μηχανολόγων Μηχανικών ΤΕ
168;168;199;Τ.Ε.Ι. Κλωστοϋφαντουργών Μηχανικών ΤΕ
169;169;206;Τ.Ε.Ι. Μηχανικών Βιοϊατρικής Τεχνολογίας ΤΕ
170;170;210;Τ.Ε.Ι. Μηχανικών Τεχνολογίας Αεροσκαφών
171;171;228;ΤΕΙ Μηχανολόγων Μηχανικών και Βιομηχανικού Σχεδιασμού
172;172;212;Τ.Ε.Ι. Μηχανολόγων Οχημάτων
173;173;49;Εκπαιδευτικών Μηχανολόγων Μηχανικών Α.Σ.ΠΑΙ.Τ.Ε. 
174;174;114;Τ.Ε.Ι. Μηχανικών Τεχνολογίας Πετρελαίου & Φυσικού Αερίου ΤΕ
175;175;166;Σ.Σ.Α.Σ. Στρατολογικό / Στρατιωτικών Νομικών Συμβούλων
175;175;167;Σ.Σ.Α.Σ. Φαρμακευτικό
175;175;168;Σ.Σ.Α.Σ. Ψυχολογικό
175;175;177;Σχολή Ικάρων (Σ.Ι.)- ΙΠΤΑΜΕΝΟΙ
175;175;182;Σχολή Τεχνικών Υπαξιωματικών Αεροπορίας (Σ.Τ.Υ.Α.)
175;175;172;Στρατιωτική Σχολή Ευελπίδων (Σ.Σ.Ε.)
175;175;179;Σχολή Μονίμων Υπαξιωματικών (Σ.Μ.Υ.)
175;175;183;Σχολή Υπαξιωματικών Διοικητικών (Σ.Υ.Δ.)
175;175;162;Σ.Σ.Α.Σ. Ιατρικό
175;175;164;Σ.Σ.Α.Σ. Οδοντιατρικό
175;175;176;Σχολή Αξιωματικών Νοσηλευτικής (Σ.Α.Ν.)
175;175;181;Σχολή Ναυτικών Δοκίμων (Σ.Ν.Δ.)
175;175;179;Σχολή Μονίμων Υπαξιωματικών (Σ.Μ.Υ.)
175;175;165;Σ.Σ.Α.Σ. Οικονομικό
175;175;163;Σ.Σ.Α.Σ. Κτηνιατρικό
175;175;178;Σχολή Ικάρων (Σ.Ι.)- ΜΗΧΑΝΙΚΟΙ
176;176;162;Σ.Σ.Α.Σ. Ιατρικό
176;176;163;Σ.Σ.Α.Σ. Κτηνιατρικό
176;176;164;Σ.Σ.Α.Σ. Οδοντιατρικό
176;176;165;Σ.Σ.Α.Σ. Οικονομικό
176;176;167;Σ.Σ.Α.Σ. Φαρμακευτικό
176;176;168;Σ.Σ.Α.Σ. Ψυχολογικό
176;176;172;Στρατιωτική Σχολή Ευελπίδων (Σ.Σ.Ε.)
176;176;176;Σχολή Αξιωματικών Νοσηλευτικής (Σ.Α.Ν.)
176;176;177;Σχολή Ικάρων (Σ.Ι.)- ΙΠΤΑΜΕΝΟΙ
176;176;179;Σχολή Μονίμων Υπαξιωματικών (Σ.Μ.Υ.)
176;176;179;Σχολή Μονίμων Υπαξιωματικών (Σ.Μ.Υ.)
176;176;181;Σχολή Ναυτικών Δοκίμων (Σ.Ν.Δ.)
176;176;182;Σχολή Τεχνικών Υπαξιωματικών Αεροπορίας (Σ.Τ.Υ.Α.)
176;176;183;Σχολή Υπαξιωματικών Διοικητικών (Σ.Υ.Δ.)
176;176;178;Σχολή Ικάρων (Σ.Ι.)- ΜΗΧΑΝΙΚΟΙ
176;176;166;Σ.Σ.Α.Σ. Στρατολογικό / Στρατιωτικών Νομικών Συμβούλων
177;177;162;Σ.Σ.Α.Σ. Ιατρικό
177;177;163;Σ.Σ.Α.Σ. Κτηνιατρικό
177;177;164;Σ.Σ.Α.Σ. Οδοντιατρικό
177;177;165;Σ.Σ.Α.Σ. Οικονομικό
177;177;167;Σ.Σ.Α.Σ. Φαρμακευτικό
177;177;168;Σ.Σ.Α.Σ. Ψυχολογικό
177;177;172;Στρατιωτική Σχολή Ευελπίδων (Σ.Σ.Ε.)
177;177;176;Σχολή Αξιωματικών Νοσηλευτικής (Σ.Α.Ν.)
177;177;177;Σχολή Ικάρων (Σ.Ι.)- ΙΠΤΑΜΕΝΟΙ
177;177;179;Σχολή Μονίμων Υπαξιωματικών (Σ.Μ.Υ.)
177;177;179;Σχολή Μονίμων Υπαξιωματικών (Σ.Μ.Υ.)
177;177;181;Σχολή Ναυτικών Δοκίμων (Σ.Ν.Δ.)
177;177;182;Σχολή Τεχνικών Υπαξιωματικών Αεροπορίας (Σ.Τ.Υ.Α.)
177;177;183;Σχολή Υπαξιωματικών Διοικητικών (Σ.Υ.Δ.)
177;177;178;Σχολή Ικάρων (Σ.Ι.)- ΜΗΧΑΝΙΚΟΙ
177;177;166;Σ.Σ.Α.Σ. Στρατολογικό / Στρατιωτικών Νομικών Συμβούλων
178;178;162;Σ.Σ.Α.Σ. Ιατρικό
178;178;163;Σ.Σ.Α.Σ. Κτηνιατρικό
178;178;164;Σ.Σ.Α.Σ. Οδοντιατρικό
178;178;165;Σ.Σ.Α.Σ. Οικονομικό
178;178;167;Σ.Σ.Α.Σ. Φαρμακευτικό
178;178;168;Σ.Σ.Α.Σ. Ψυχολογικό
178;178;172;Στρατιωτική Σχολή Ευελπίδων (Σ.Σ.Ε.)
178;178;176;Σχολή Αξιωματικών Νοσηλευτικής (Σ.Α.Ν.)
178;178;177;Σχολή Ικάρων (Σ.Ι.)- ΙΠΤΑΜΕΝΟΙ
178;178;179;Σχολή Μονίμων Υπαξιωματικών (Σ.Μ.Υ.)
178;178;179;Σχολή Μονίμων Υπαξιωματικών (Σ.Μ.Υ.)
178;178;181;Σχολή Ναυτικών Δοκίμων (Σ.Ν.Δ.)
178;178;182;Σχολή Τεχνικών Υπαξιωματικών Αεροπορίας (Σ.Τ.Υ.Α.)
178;178;183;Σχολή Υπαξιωματικών Διοικητικών (Σ.Υ.Δ.)
178;178;178;Σχολή Ικάρων (Σ.Ι.)- ΜΗΧΑΝΙΚΟΙ
178;178;166;Σ.Σ.Α.Σ. Στρατολογικό / Στρατιωτικών Νομικών Συμβούλων
179;179;162;Σ.Σ.Α.Σ. Ιατρικό
179;179;163;Σ.Σ.Α.Σ. Κτηνιατρικό
179;179;164;Σ.Σ.Α.Σ. Οδοντιατρικό
179;179;165;Σ.Σ.Α.Σ. Οικονομικό
179;179;167;Σ.Σ.Α.Σ. Φαρμακευτικό
179;179;168;Σ.Σ.Α.Σ. Ψυχολογικό
179;179;172;Στρατιωτική Σχολή Ευελπίδων (Σ.Σ.Ε.)
179;179;176;Σχολή Αξιωματικών Νοσηλευτικής (Σ.Α.Ν.)
179;179;177;Σχολή Ικάρων (Σ.Ι.)- ΙΠΤΑΜΕΝΟΙ
179;179;179;Σχολή Μονίμων Υπαξιωματικών (Σ.Μ.Υ.)
179;179;179;Σχολή Μονίμων Υπαξιωματικών (Σ.Μ.Υ.)
179;179;181;Σχολή Ναυτικών Δοκίμων (Σ.Ν.Δ.)
179;179;182;Σχολή Τεχνικών Υπαξιωματικών Αεροπορίας (Σ.Τ.Υ.Α.)
179;179;183;Σχολή Υπαξιωματικών Διοικητικών (Σ.Υ.Δ.)
179;179;178;Σχολή Ικάρων (Σ.Ι.)- ΜΗΧΑΝΙΚΟΙ
179;179;166;Σ.Σ.Α.Σ. Στρατολογικό / Στρατιωτικών Νομικών Συμβούλων
180;180;162;Σ.Σ.Α.Σ. Ιατρικό
180;180;163;Σ.Σ.Α.Σ. Κτηνιατρικό
180;180;164;Σ.Σ.Α.Σ. Οδοντιατρικό
180;180;165;Σ.Σ.Α.Σ. Οικονομικό
180;180;167;Σ.Σ.Α.Σ. Φαρμακευτικό
180;180;168;Σ.Σ.Α.Σ. Ψυχολογικό
180;180;172;Στρατιωτική Σχολή Ευελπίδων (Σ.Σ.Ε.)
180;180;176;Σχολή Αξιωματικών Νοσηλευτικής (Σ.Α.Ν.)
180;180;177;Σχολή Ικάρων (Σ.Ι.)- ΙΠΤΑΜΕΝΟΙ
180;180;179;Σχολή Μονίμων Υπαξιωματικών (Σ.Μ.Υ.)
180;180;179;Σχολή Μονίμων Υπαξιωματικών (Σ.Μ.Υ.)
180;180;181;Σχολή Ναυτικών Δοκίμων (Σ.Ν.Δ.)
180;180;182;Σχολή Τεχνικών Υπαξιωματικών Αεροπορίας (Σ.Τ.Υ.Α.)
180;180;183;Σχολή Υπαξιωματικών Διοικητικών (Σ.Υ.Δ.)
180;180;178;Σχολή Ικάρων (Σ.Ι.)- ΜΗΧΑΝΙΚΟΙ
180;180;166;Σ.Σ.Α.Σ. Στρατολογικό / Στρατιωτικών Νομικών Συμβούλων
181;181;162;Σ.Σ.Α.Σ. Ιατρικό
181;181;163;Σ.Σ.Α.Σ. Κτηνιατρικό
181;181;164;Σ.Σ.Α.Σ. Οδοντιατρικό
181;181;165;Σ.Σ.Α.Σ. Οικονομικό
181;181;167;Σ.Σ.Α.Σ. Φαρμακευτικό
181;181;168;Σ.Σ.Α.Σ. Ψυχολογικό
181;181;172;Στρατιωτική Σχολή Ευελπίδων (Σ.Σ.Ε.)
181;181;176;Σχολή Αξιωματικών Νοσηλευτικής (Σ.Α.Ν.)
181;181;177;Σχολή Ικάρων (Σ.Ι.)- ΙΠΤΑΜΕΝΟΙ
181;181;179;Σχολή Μονίμων Υπαξιωματικών (Σ.Μ.Υ.)
181;181;179;Σχολή Μονίμων Υπαξιωματικών (Σ.Μ.Υ.)
181;181;181;Σχολή Ναυτικών Δοκίμων (Σ.Ν.Δ.)
181;181;182;Σχολή Τεχνικών Υπαξιωματικών Αεροπορίας (Σ.Τ.Υ.Α.)
181;181;183;Σχολή Υπαξιωματικών Διοικητικών (Σ.Υ.Δ.)
181;181;178;Σχολή Ικάρων (Σ.Ι.)- ΜΗΧΑΝΙΚΟΙ
181;181;166;Σ.Σ.Α.Σ. Στρατολογικό / Στρατιωτικών Νομικών Συμβούλων
182;182;162;Σ.Σ.Α.Σ. Ιατρικό
182;182;163;Σ.Σ.Α.Σ. Κτηνιατρικό
182;182;164;Σ.Σ.Α.Σ. Οδοντιατρικό
182;182;165;Σ.Σ.Α.Σ. Οικονομικό
182;182;167;Σ.Σ.Α.Σ. Φαρμακευτικό
182;182;168;Σ.Σ.Α.Σ. Ψυχολογικό
182;182;172;Στρατιωτική Σχολή Ευελπίδων (Σ.Σ.Ε.)
182;182;176;Σχολή Αξιωματικών Νοσηλευτικής (Σ.Α.Ν.)
182;182;177;Σχολή Ικάρων (Σ.Ι.)- ΙΠΤΑΜΕΝΟΙ
182;182;179;Σχολή Μονίμων Υπαξιωματικών (Σ.Μ.Υ.)
182;182;179;Σχολή Μονίμων Υπαξιωματικών (Σ.Μ.Υ.)
182;182;181;Σχολή Ναυτικών Δοκίμων (Σ.Ν.Δ.)
182;182;182;Σχολή Τεχνικών Υπαξιωματικών Αεροπορίας (Σ.Τ.Υ.Α.)
182;182;183;Σχολή Υπαξιωματικών Διοικητικών (Σ.Υ.Δ.)
182;182;178;Σχολή Ικάρων (Σ.Ι.)- ΜΗΧΑΝΙΚΟΙ
182;182;166;Σ.Σ.Α.Σ. Στρατολογικό / Στρατιωτικών Νομικών Συμβούλων
183;183;162;Σ.Σ.Α.Σ. Ιατρικό
183;183;163;Σ.Σ.Α.Σ. Κτηνιατρικό
183;183;164;Σ.Σ.Α.Σ. Οδοντιατρικό
183;183;165;Σ.Σ.Α.Σ. Οικονομικό
183;183;167;Σ.Σ.Α.Σ. Φαρμακευτικό
183;183;168;Σ.Σ.Α.Σ. Ψυχολογικό
183;183;172;Στρατιωτική Σχολή Ευελπίδων (Σ.Σ.Ε.)
183;183;176;Σχολή Αξιωματικών Νοσηλευτικής (Σ.Α.Ν.)
183;183;177;Σχολή Ικάρων (Σ.Ι.)- ΙΠΤΑΜΕΝΟΙ
183;183;179;Σχολή Μονίμων Υπαξιωματικών (Σ.Μ.Υ.)
183;183;179;Σχολή Μονίμων Υπαξιωματικών (Σ.Μ.Υ.)
183;183;181;Σχολή Ναυτικών Δοκίμων (Σ.Ν.Δ.)
183;183;182;Σχολή Τεχνικών Υπαξιωματικών Αεροπορίας (Σ.Τ.Υ.Α.)
183;183;183;Σχολή Υπαξιωματικών Διοικητικών (Σ.Υ.Δ.)
183;183;178;Σχολή Ικάρων (Σ.Ι.)- ΜΗΧΑΝΙΚΟΙ
183;183;166;Σ.Σ.Α.Σ. Στρατολογικό / Στρατιωτικών Νομικών Συμβούλων
184;184;9;Αξιωματικών Ελληνικής Αστυνομίας
184;184;12;Αστυφυλάκων Ελληνικής Αστυνομίας
185;185;9;Αξιωματικών Ελληνικής Αστυνομίας
185;185;12;Αστυφυλάκων Ελληνικής Αστυνομίας
186;186;9;Αξιωματικών Ελληνικής Αστυνομίας
186;186;12;Αστυφυλάκων Ελληνικής Αστυνομίας
187;187;9;Αξιωματικών Ελληνικής Αστυνομίας
187;187;12;Αστυφυλάκων Ελληνικής Αστυνομίας
188;188;161;Πυροσβεστών Πυροσβεστικής Ακαδημίας
188;188;6;Ανθυποπυραγών Πυροσβεστικής Ακαδημίας
189;189;161;Πυροσβεστών Πυροσβεστικής Ακαδημίας
189;189;6;Ανθυποπυραγών Πυροσβεστικής Ακαδημίας
190;190;138;Παιδαγωγικό Δημοτικής Εκπαίδευσης
191;191;138;Παιδαγωγικό Δημοτικής Εκπαίδευσης
192;192;138;Παιδαγωγικό Δημοτικής Εκπαίδευσης
193;193;46;Εκπαίδευσης & Αγωγής στην Προσχολική Ηλικία
193;193;61;Επιστημών Εκπαίδευσης στην Προσχολική Ηλικία
193;193;62;Επιστημών Προσχολικής Αγωγής & Εκπαίδευσης
193;193;63;Επιστημών της Εκπαίδευσης & της Αγωγής στην Προσχολική Ηλικία
193;193;65;Επιστημών της Προσχολικής Αγωγής & του Εκπαιδευτικού Σχεδιασμού
193;193;141;Παιδαγωγικό Προσχολικής Εκπαίδευσης
193;193;140;Παιδαγωγικό Νηπιαγωγών
193;193;219;Τ.Ε.Ι. Προσχολικής Αγωγής
194;194;46;Εκπαίδευσης & Αγωγής στην Προσχολική Ηλικία
194;194;61;Επιστημών Εκπαίδευσης στην Προσχολική Ηλικία
194;194;62;Επιστημών Προσχολικής Αγωγής & Εκπαίδευσης
194;194;63;Επιστημών της Εκπαίδευσης & της Αγωγής στην Προσχολική Ηλικία
194;194;65;Επιστημών της Προσχολικής Αγωγής & του Εκπαιδευτικού Σχεδιασμού
194;194;140;Παιδαγωγικό Νηπιαγωγών
194;194;141;Παιδαγωγικό Προσχολικής Εκπαίδευσης
194;194;219;Τ.Ε.Ι. Προσχολικής Αγωγής
195;195;46;Εκπαίδευσης & Αγωγής στην Προσχολική Ηλικία
195;195;61;Επιστημών Εκπαίδευσης στην Προσχολική Ηλικία
195;195;62;Επιστημών Προσχολικής Αγωγής & Εκπαίδευσης
195;195;63;Επιστημών της Εκπαίδευσης & της Αγωγής στην Προσχολική Ηλικία
195;195;65;Επιστημών της Προσχολικής Αγωγής & του Εκπαιδευτικού Σχεδιασμού
195;195;140;Παιδαγωγικό Νηπιαγωγών
195;195;141;Παιδαγωγικό Προσχολικής Εκπαίδευσης
195;195;219;Τ.Ε.Ι. Προσχολικής Αγωγής
196;196;47;Εκπαιδευτικής & Κοινωνικής Πολιτικής
196;196;139;Παιδαγωγικό Ειδικής Αγωγής
197;197;47;Εκπαιδευτικής & Κοινωνικής Πολιτικής
197;197;139;Παιδαγωγικό Ειδικής Αγωγής
198;198;47;Εκπαιδευτικής & Κοινωνικής Πολιτικής
198;198;139;Παιδαγωγικό Ειδικής Αγωγής
199;199;47;Εκπαιδευτικής & Κοινωνικής Πολιτικής
199;199;139;Παιδαγωγικό Ειδικής Αγωγής
200;200;234;Φιλολογίας
200;200;236;Φιλοσοφίας & Παιδαγωγικής
200;200;237;Φιλοσοφίας, Παιδαγωγικής & Ψυχολογίας
200;200;235;Φιλοσοφίας
200;200;238;Φιλοσοφικών & Κοινωνικών Σπουδών
201;201;234;Φιλολογίας
201;201;236;Φιλοσοφίας & Παιδαγωγικής
201;201;235;Φιλοσοφίας
201;201;237;Φιλοσοφίας, Παιδαγωγικής & Ψυχολογίας
201;201;238;Φιλοσοφικών & Κοινωνικών Σπουδών
202;202;234;Φιλολογίας
202;202;236;Φιλοσοφίας & Παιδαγωγικής
202;202;235;Φιλοσοφίας
202;202;237;Φιλοσοφίας, Παιδαγωγικής & Ψυχολογίας
202;202;238;Φιλοσοφικών & Κοινωνικών Σπουδών
203;203;234;Φιλολογίας
203;203;236;Φιλοσοφίας & Παιδαγωγικής
203;203;235;Φιλοσοφίας
203;203;237;Φιλοσοφίας, Παιδαγωγικής & Ψυχολογίας
203;203;238;Φιλοσοφικών & Κοινωνικών Σπουδών
204;204;234;Φιλολογίας
204;204;236;Φιλοσοφίας & Παιδαγωγικής
204;204;235;Φιλοσοφίας
204;204;237;Φιλοσοφίας, Παιδαγωγικής & Ψυχολογίας
204;204;238;Φιλοσοφικών & Κοινωνικών Σπουδών
205;205;234;Φιλολογίας
205;205;236;Φιλοσοφίας & Παιδαγωγικής
205;205;235;Φιλοσοφίας
205;205;237;Φιλοσοφίας, Παιδαγωγικής & Ψυχολογίας
205;205;238;Φιλοσοφικών & Κοινωνικών Σπουδών
206;206;81;Ιστορίας
206;206;83;Ιστορίας & Εθνολογίας
206;206;82;Ιστορίας & Αρχαιολογίας
206;206;85;Ιστορίας, Αρχαιολογίας και Διαχείρισης Πολιτισμικών Αγαθών
206;206;84;Ιστορίας, Αρχαιολογίας & Κοινωνικής Ανθρωπολογίας
206;206;90;Κοινωνικής Ανθρωπολογίας & Ιστορίας
206;206;99;Μεθολογίας, Ιστορίας & Θεωρίας της Επιστήμης
206;206;100;Μεσογειακών Σπουδών
207;207;82;Ιστορίας & Αρχαιολογίας
207;207;83;Ιστορίας & Εθνολογίας
207;207;81;Ιστορίας
207;207;84;Ιστορίας, Αρχαιολογίας & Κοινωνικής Ανθρωπολογίας
207;207;85;Ιστορίας, Αρχαιολογίας και Διαχείρισης Πολιτισμικών Αγαθών
207;207;90;Κοινωνικής Ανθρωπολογίας & Ιστορίας
207;207;99;Μεθολογίας, Ιστορίας & Θεωρίας της Επιστήμης
207;207;100;Μεσογειακών Σπουδών
208;208;82;Ιστορίας & Αρχαιολογίας
208;208;83;Ιστορίας & Εθνολογίας
208;208;81;Ιστορίας
208;208;84;Ιστορίας, Αρχαιολογίας & Κοινωνικής Ανθρωπολογίας
208;208;85;Ιστορίας, Αρχαιολογίας και Διαχείρισης Πολιτισμικών Αγαθών
208;208;90;Κοινωνικής Ανθρωπολογίας & Ιστορίας
208;208;99;Μεθολογίας, Ιστορίας & Θεωρίας της Επιστήμης
208;208;100;Μεσογειακών Σπουδών
209;209;82;Ιστορίας & Αρχαιολογίας
209;209;83;Ιστορίας & Εθνολογίας
209;209;81;Ιστορίας
209;209;84;Ιστορίας, Αρχαιολογίας & Κοινωνικής Ανθρωπολογίας
209;209;85;Ιστορίας, Αρχαιολογίας και Διαχείρισης Πολιτισμικών Αγαθών
209;209;90;Κοινωνικής Ανθρωπολογίας & Ιστορίας
209;209;99;Μεθολογίας, Ιστορίας & Θεωρίας της Επιστήμης
209;209;100;Μεσογειακών Σπουδών
210;210;10;Αρχειονομιάς, Βιβλιοθηκονομίας & Μουσιολογίας
210;210;15;Βιβλιοθηκονομίας & Συστημάτων Πληροφόρησης
211;211;10;Αρχειονομιάς, Βιβλιοθηκονομίας & Μουσιολογίας
211;211;15;Βιβλιοθηκονομίας & Συστημάτων Πληροφόρησης
212;212;10;Αρχειονομιάς, Βιβλιοθηκονομίας & Μουσιολογίας
212;212;15;Βιβλιοθηκονομίας & Συστημάτων Πληροφόρησης
213;213;77;Θεολογίας
213;213;92;Κοινωνικής Θεολογίας
213;213;149;Ποιμαντικής & Κοινωνικής Θεολογίας
213;213;160;Πρόγραμμα Ιερατικών Σπουδών
213;213;159;Πρόγραμμα Εκκλησιαστικής Μουσικής & Ψαλτικής
214;214;77;Θεολογίας
214;214;92;Κοινωνικής Θεολογίας
214;214;149;Ποιμαντικής & Κοινωνικής Θεολογίας
214;214;159;Πρόγραμμα Εκκλησιαστικής Μουσικής & Ψαλτικής
214;214;160;Πρόγραμμα Ιερατικών Σπουδών
215;215;77;Θεολογίας
215;215;92;Κοινωνικής Θεολογίας
215;215;149;Ποιμαντικής & Κοινωνικής Θεολογίας
215;215;159;Πρόγραμμα Εκκλησιαστικής Μουσικής & Ψαλτικής
215;215;160;Πρόγραμμα Ιερατικών Σπουδών
216;216;77;Θεολογίας
216;216;92;Κοινωνικής Θεολογίας
216;216;149;Ποιμαντικής & Κοινωνικής Θεολογίας
216;216;159;Πρόγραμμα Εκκλησιαστικής Μουσικής & Ψαλτικής
216;216;160;Πρόγραμμα Ιερατικών Σπουδών
217;217;59;Επιστήμης Φυσικής Αγωγής & Αθλητισμού
218;218;59;Επιστήμης Φυσικής Αγωγής & Αθλητισμού
219;219;59;Επιστήμης Φυσικής Αγωγής & Αθλητισμού
220;220;59;Επιστήμης Φυσικής Αγωγής & Αθλητισμού
221;221;59;Επιστήμης Φυσικής Αγωγής & Αθλητισμού
222;222;59;Επιστήμης Φυσικής Αγωγής & Αθλητισμού
223;223;91;Κοινωνικής Διοίκησης και Πολιτικής Επιστήμης
223;223;246;Ψυχολογίας
224;224;91;Κοινωνικής Διοίκησης και Πολιτικής Επιστήμης
224;224;246;Ψυχολογίας
225;225;91;Κοινωνικής Διοίκησης και Πολιτικής Επιστήμης
225;225;246;Ψυχολογίας
226;226;91;Κοινωνικής Διοίκησης και Πολιτικής Επιστήμης
226;226;246;Ψυχολογίας
227;227;91;Κοινωνικής Διοίκησης και Πολιτικής Επιστήμης
228;228;91;Κοινωνικής Διοίκησης και Πολιτικής Επιστήμης
229;229;13;Βαλκανικών, Σλαβικών και Ανατολικών Σπουδών
229;229;38;Διεθνών & Ευρωπαϊκών Σπουδών
229;229;37;Διεθνών & Ευρωπαϊκών Oικονομικών Σπουδών
229;229;39;Διεθνών, Ευρωπαϊκών και Περιφερειακών Σπουδών
230;230;13;Βαλκανικών, Σλαβικών και Ανατολικών Σπουδών
230;230;38;Διεθνών & Ευρωπαϊκών Σπουδών
230;230;37;Διεθνών & Ευρωπαϊκών Oικονομικών Σπουδών
230;230;39;Διεθνών, Ευρωπαϊκών και Περιφερειακών Σπουδών
231;231;13;Βαλκανικών, Σλαβικών και Ανατολικών Σπουδών
231;231;38;Διεθνών & Ευρωπαϊκών Σπουδών
231;231;37;Διεθνών & Ευρωπαϊκών Oικονομικών Σπουδών
231;231;39;Διεθνών, Ευρωπαϊκών και Περιφερειακών Σπουδών
232;232;88;Κοινωνικής & Εκπαιδευτικής Πολιτικής
232;232;89;Κοινωνικής Ανθρωπολογίας
232;232;93;Κοινωνικής Πολιτικής
232;232;94;Κοινωνιολογίας
233;233;84;Ιστορίας, Αρχαιολογίας & Κοινωνικής Ανθρωπολογίας
233;233;88;Κοινωνικής & Εκπαιδευτικής Πολιτικής
233;233;90;Κοινωνικής Ανθρωπολογίας & Ιστορίας
233;233;89;Κοινωνικής Ανθρωπολογίας
233;233;92;Κοινωνικής Θεολογίας
233;233;93;Κοινωνικής Πολιτικής
233;233;94;Κοινωνιολογίας
233;233;100;Μεσογειακών Σπουδών
234;234;84;Ιστορίας, Αρχαιολογίας & Κοινωνικής Ανθρωπολογίας
234;234;88;Κοινωνικής & Εκπαιδευτικής Πολιτικής
234;234;90;Κοινωνικής Ανθρωπολογίας & Ιστορίας
234;234;89;Κοινωνικής Ανθρωπολογίας
234;234;92;Κοινωνικής Θεολογίας
234;234;93;Κοινωνικής Πολιτικής
234;234;94;Κοινωνιολογίας
234;234;100;Μεσογειακών Σπουδών
235;235;84;Ιστορίας, Αρχαιολογίας & Κοινωνικής Ανθρωπολογίας
235;235;88;Κοινωνικής & Εκπαιδευτικής Πολιτικής
235;235;90;Κοινωνικής Ανθρωπολογίας & Ιστορίας
235;235;89;Κοινωνικής Ανθρωπολογίας
235;235;92;Κοινωνικής Θεολογίας
235;235;93;Κοινωνικής Πολιτικής
235;235;94;Κοινωνιολογίας
236;236;84;Ιστορίας, Αρχαιολογίας & Κοινωνικής Ανθρωπολογίας
236;236;88;Κοινωνικής & Εκπαιδευτικής Πολιτικής
236;236;90;Κοινωνικής Ανθρωπολογίας & Ιστορίας
236;236;89;Κοινωνικής Ανθρωπολογίας
236;236;92;Κοινωνικής Θεολογίας
236;236;93;Κοινωνικής Πολιτικής
236;236;94;Κοινωνιολογίας
237;237;84;Ιστορίας, Αρχαιολογίας & Κοινωνικής Ανθρωπολογίας
237;237;88;Κοινωνικής & Εκπαιδευτικής Πολιτικής
237;237;90;Κοινωνικής Ανθρωπολογίας & Ιστορίας
237;237;89;Κοινωνικής Ανθρωπολογίας
237;237;92;Κοινωνικής Θεολογίας
237;237;93;Κοινωνικής Πολιτικής
237;237;94;Κοινωνιολογίας
238;238;84;Ιστορίας, Αρχαιολογίας & Κοινωνικής Ανθρωπολογίας
238;238;88;Κοινωνικής & Εκπαιδευτικής Πολιτικής
238;238;90;Κοινωνικής Ανθρωπολογίας & Ιστορίας
238;238;89;Κοινωνικής Ανθρωπολογίας
238;238;92;Κοινωνικής Θεολογίας
238;238;93;Κοινωνικής Πολιτικής
238;238;94;Κοινωνιολογίας
239;239;1;Αγγλικής Γλώσσας και Φιλολογίας
239;239;22;Γαλλικής Γλώσσας και Φιλολογίας
239;239;29;Γλώσσας, Φιλολογίας και Πολιτισμού Παρευξείνιων Χωρών
239;239;80;Ισπανικής Γλώσσας & Φιλολογίας
239;239;86;Ιταλικής Γλώσσας & Φιλολογίας
239;239;247;Γερμανικής Γλώσσας & Φιλολογίας
239;239;130;Ξένων Γλωσσών Μετάφρασης & Διερμηνείας
239;239;169;Σλαβικών Σπουδών
239;239;232;Τούρκικων Σπουδών & Σύγχρονων Ασιατικών Σπουδών
240;240;1;Αγγλικής Γλώσσας και Φιλολογίας
240;240;22;Γαλλικής Γλώσσας και Φιλολογίας
240;240;29;Γλώσσας, Φιλολογίας και Πολιτισμού Παρευξείνιων Χωρών
240;240;80;Ισπανικής Γλώσσας & Φιλολογίας
240;240;86;Ιταλικής Γλώσσας & Φιλολογίας
240;240;130;Ξένων Γλωσσών Μετάφρασης & Διερμηνείας
240;240;169;Σλαβικών Σπουδών
240;240;232;Τούρκικων Σπουδών & Σύγχρονων Ασιατικών Σπουδών
240;240;247;Γερμανικής Γλώσσας & Φιλολογίας
241;241;1;Αγγλικής Γλώσσας και Φιλολογίας
241;241;22;Γαλλικής Γλώσσας και Φιλολογίας
241;241;29;Γλώσσας, Φιλολογίας και Πολιτισμού Παρευξείνιων Χωρών
241;241;80;Ισπανικής Γλώσσας & Φιλολογίας
241;241;86;Ιταλικής Γλώσσας & Φιλολογίας
241;241;130;Ξένων Γλωσσών Μετάφρασης & Διερμηνείας
241;241;169;Σλαβικών Σπουδών
241;241;232;Τούρκικων Σπουδών & Σύγχρονων Ασιατικών Σπουδών
241;241;247;Γερμανικής Γλώσσας & Φιλολογίας
242;242;33;Δημοσιογραφίας & Μέσων Μαζικής Επικοινωνίας
242;242;40;Διοίκηση, Οικονομία και Επικοινωνία Πολιτιστικών και Τουριστικών Μονάδων
242;242;51;Επικοινωνίας & Μέσων Μαζικής Ενημέρωσης
242;242;52;Επικοινωνίας Μέσων & Πολιτισμού
242;242;98;Μάρκετινγκ & Επικοινωνίας
242;242;244;Ψηφιακών Μέσων και Επικοινωνίας
243;243;33;Δημοσιογραφίας & Μέσων Μαζικής Επικοινωνίας
243;243;40;Διοίκηση, Οικονομία και Επικοινωνία Πολιτιστικών και Τουριστικών Μονάδων
243;243;51;Επικοινωνίας & Μέσων Μαζικής Ενημέρωσης
243;243;52;Επικοινωνίας Μέσων & Πολιτισμού
243;243;98;Μάρκετινγκ & Επικοινωνίας
243;243;244;Ψηφιακών Μέσων και Επικοινωνίας
244;244;33;Δημοσιογραφίας & Μέσων Μαζικής Επικοινωνίας
244;244;40;Διοίκηση, Οικονομία και Επικοινωνία Πολιτιστικών και Τουριστικών Μονάδων
244;244;51;Επικοινωνίας & Μέσων Μαζικής Ενημέρωσης
244;244;52;Επικοινωνίας Μέσων & Πολιτισμού
244;244;98;Μάρκετινγκ & Επικοινωνίας
244;244;244;Ψηφιακών Μέσων και Επικοινωνίας
245;245;33;Δημοσιογραφίας & Μέσων Μαζικής Επικοινωνίας
245;245;40;Διοίκηση, Οικονομία και Επικοινωνία Πολιτιστικών και Τουριστικών Μονάδων
245;245;51;Επικοινωνίας & Μέσων Μαζικής Ενημέρωσης
245;245;52;Επικοινωνίας Μέσων & Πολιτισμού
245;245;98;Μάρκετινγκ & Επικοινωνίας
245;245;244;Ψηφιακών Μέσων και Επικοινωνίας
246;246;33;Δημοσιογραφίας & Μέσων Μαζικής Επικοινωνίας
246;246;40;Διοίκηση, Οικονομία και Επικοινωνία Πολιτιστικών και Τουριστικών Μονάδων
246;246;51;Επικοινωνίας & Μέσων Μαζικής Ενημέρωσης
246;246;52;Επικοινωνίας Μέσων & Πολιτισμού
246;246;98;Μάρκετινγκ & Επικοινωνίας
246;246;244;Ψηφιακών Μέσων και Επικοινωνίας
247;247;40;Διοίκηση, Οικονομία και Επικοινωνία Πολιτιστικών και Τουριστικών Μονάδων
247;247;51;Επικοινωνίας & Μέσων Μαζικής Ενημέρωσης
247;247;52;Επικοινωνίας Μέσων & Πολιτισμού
247;247;98;Μάρκετινγκ & Επικοινωνίας
247;247;244;Ψηφιακών Μέσων και Επικοινωνίας
247;247;33;Δημοσιογραφίας & Μέσων Μαζικής Επικοινωνίας
248;248;44;Διοίκησης, Οικονομίας και Επικοινωνίας Πολιτιστικών και Τουριστικών Μονάδων
248;248;244;Ψηφιακών Μέσων και Επικοινωνίας
249;249;244;Ψηφιακών Μέσων και Επικοινωνίας
249;249;44;Διοίκησης, Οικονομίας και Επικοινωνίας Πολιτιστικών και Τουριστικών Μονάδων
250;250;244;Ψηφιακών Μέσων και Επικοινωνίας
250;250;44;Διοίκησης, Οικονομίας και Επικοινωνίας Πολιτιστικών και Τουριστικών Μονάδων
251;251;33;Δημοσιογραφίας & Μέσων Μαζικής Επικοινωνίας
251;251;40;Διοίκηση, Οικονομία και Επικοινωνία Πολιτιστικών και Τουριστικών Μονάδων
251;251;51;Επικοινωνίας & Μέσων Μαζικής Ενημέρωσης
251;251;52;Επικοινωνίας Μέσων & Πολιτισμού
251;251;98;Μάρκετινγκ & Επικοινωνίας
251;251;244;Ψηφιακών Μέσων και Επικοινωνίας
252;252;33;Δημοσιογραφίας & Μέσων Μαζικής Επικοινωνίας
252;252;40;Διοίκηση, Οικονομία και Επικοινωνία Πολιτιστικών και Τουριστικών Μονάδων
252;252;51;Επικοινωνίας & Μέσων Μαζικής Ενημέρωσης
252;252;52;Επικοινωνίας Μέσων & Πολιτισμού
252;252;98;Μάρκετινγκ & Επικοινωνίας
252;252;244;Ψηφιακών Μέσων και Επικοινωνίας
253;253;33;Δημοσιογραφίας & Μέσων Μαζικής Επικοινωνίας
253;253;40;Διοίκηση, Οικονομία και Επικοινωνία Πολιτιστικών και Τουριστικών Μονάδων
253;253;51;Επικοινωνίας & Μέσων Μαζικής Ενημέρωσης
253;253;52;Επικοινωνίας Μέσων & Πολιτισμού
253;253;98;Μάρκετινγκ & Επικοινωνίας
253;253;244;Ψηφιακών Μέσων και Επικοινωνίας
254;254;33;Δημοσιογραφίας & Μέσων Μαζικής Επικοινωνίας
254;254;40;Διοίκηση, Οικονομία και Επικοινωνία Πολιτιστικών και Τουριστικών Μονάδων
254;254;51;Επικοινωνίας & Μέσων Μαζικής Ενημέρωσης
254;254;52;Επικοινωνίας Μέσων & Πολιτισμού
254;254;98;Μάρκετινγκ & Επικοινωνίας
254;254;244;Ψηφιακών Μέσων και Επικοινωνίας
255;255;33;Δημοσιογραφίας & Μέσων Μαζικής Επικοινωνίας
255;255;40;Διοίκηση, Οικονομία και Επικοινωνία Πολιτιστικών και Τουριστικών Μονάδων
255;255;51;Επικοινωνίας & Μέσων Μαζικής Ενημέρωσης
255;255;52;Επικοινωνίας Μέσων & Πολιτισμού
255;255;98;Μάρκετινγκ & Επικοινωνίας
255;255;244;Ψηφιακών Μέσων και Επικοινωνίας
256;256;33;Δημοσιογραφίας & Μέσων Μαζικής Επικοινωνίας
256;256;40;Διοίκηση, Οικονομία και Επικοινωνία Πολιτιστικών και Τουριστικών Μονάδων
256;256;51;Επικοινωνίας & Μέσων Μαζικής Ενημέρωσης
256;256;52;Επικοινωνίας Μέσων & Πολιτισμού
256;256;98;Μάρκετινγκ & Επικοινωνίας
256;256;244;Ψηφιακών Μέσων και Επικοινωνίας
257;257;33;Δημοσιογραφίας & Μέσων Μαζικής Επικοινωνίας
257;257;40;Διοίκηση, Οικονομία και Επικοινωνία Πολιτιστικών και Τουριστικών Μονάδων
257;257;51;Επικοινωνίας & Μέσων Μαζικής Ενημέρωσης
257;257;52;Επικοινωνίας Μέσων & Πολιτισμού
257;257;98;Μάρκετινγκ & Επικοινωνίας
257;257;244;Ψηφιακών Μέσων και Επικοινωνίας
258;258;33;Δημοσιογραφίας & Μέσων Μαζικής Επικοινωνίας
258;258;40;Διοίκηση, Οικονομία και Επικοινωνία Πολιτιστικών και Τουριστικών Μονάδων
258;258;51;Επικοινωνίας & Μέσων Μαζικής Ενημέρωσης
258;258;52;Επικοινωνίας Μέσων & Πολιτισμού
258;258;98;Μάρκετινγκ & Επικοινωνίας
258;258;244;Ψηφιακών Μέσων και Επικοινωνίας
259;259;33;Δημοσιογραφίας & Μέσων Μαζικής Επικοινωνίας
259;259;40;Διοίκηση, Οικονομία και Επικοινωνία Πολιτιστικών και Τουριστικών Μονάδων
259;259;51;Επικοινωνίας & Μέσων Μαζικής Ενημέρωσης
259;259;52;Επικοινωνίας Μέσων & Πολιτισμού
259;259;98;Μάρκετινγκ & Επικοινωνίας
259;259;244;Ψηφιακών Μέσων και Επικοινωνίας
260;260;75;Θεατρικών Σπουδών
260;260;76;Θεάτρου
260;260;87;Κινηματογράφου
261;261;75;Θεατρικών Σπουδών
261;261;76;Θεάτρου
261;261;87;Κινηματογράφου
262;262;75;Θεατρικών Σπουδών
262;262;76;Θεάτρου
262;262;87;Κινηματογράφου
263;263;36;Διαχείρισης Πολιτισμικού Περιβάλλοντος & Νέων Τεχνολογιών
263;263;158;Πολιτισμικής Τεχνολογίας & Επικοινωνίας
264;264;36;Διαχείρισης Πολιτισμικού Περιβάλλοντος & Νέων Τεχνολογιών
264;264;158;Πολιτισμικής Τεχνολογίας & Επικοινωνίας
265;265;75;Θεατρικών Σπουδών
265;265;76;Θεάτρου
266;266;75;Θεατρικών Σπουδών
266;266;76;Θεάτρου
266;266;87;Κινηματογράφου
266;266;78;Θεωρίας & Ιστορίας της Τέχνης
267;267;78;Θεωρίας & Ιστορίας της Τέχνης
267;267;144;Πλαστικών Τεχνών & Επιστημών Της Τέχνης
268;268;78;Θεωρίας & Ιστορίας της Τέχνης
268;268;144;Πλαστικών Τεχνών & Επιστημών Της Τέχνης
269;269;123;Μουσικής Επιστήμης & Τέχνης
269;269;124;Μουσικών Σπουδών
270;270;201;Τ.Ε.Ι. Λαϊκής & Παραδοσιακής Μουσικής
270;270;123;Μουσικής Επιστήμης & Τέχνης
270;270;124;Μουσικών Σπουδών
271;271;123;Μουσικής Επιστήμης & Τέχνης
271;271;124;Μουσικών Σπουδών
272;272;124;Μουσικών Σπουδών
272;272;123;Μουσικής Επιστήμης & Τέχνης
273;273;36;Διαχείρισης Πολιτισμικού Περιβάλλοντος & Νέων Τεχνολογιών
273;273;158;Πολιτισμικής Τεχνολογίας & Επικοινωνίας
274;274;221;Τ.Ε.Ι. Τεχνολογίας Ήχου & Μουσικών Οργάνων
274;274;106;Μηχανικών Μουσικής Τεχνολογίας & Ακουστικής
274;274;231;Τεχνών Ήχου & Εικόνας
275;275;221;Τ.Ε.Ι. Τεχνολογίας Ήχου & Μουσικών Οργάνων
275;275;208;Τ.Ε.Ι. Μηχανικών Μουσικής Τεχνολογίας & Ακουστικής
276;276;144;Πλαστικών Τεχνών & Επιστημών Της Τέχνης
276;276;78;Θεωρίας & Ιστορίας της Τέχνης
277;277;201;Τ.Ε.Ι. Λαϊκής & Παραδοσιακής Μουσικής
278;278;226;Τ.Ε.Ι. Φωτογραφίας & Οπτικοακουστικών
279;279;226;Τ.Ε.Ι. Φωτογραφίας & Οπτικοακουστικών
280;280;174;Σχεδιασμού & Τεχνολογίας Ένδυσης
281;281;174;Σχεδιασμού & Τεχνολογίας Ένδυσης
282;282;187;Τ.Ε.Ι. Γραφιστικής
282;282;188;Τ.Ε.Ι. Γραφιστικής - Τεχνολογίας Γραφικών Τεχνών
282;282;113;Μηχανικών Σχεδίασης Προϊόντων & Συστημάτων
282;282;228;ΤΕΙ Μηχανολόγων Μηχανικών και Βιομηχανικού Σχεδιασμού
283;283;187;Τ.Ε.Ι. Γραφιστικής
283;283;188;Τ.Ε.Ι. Γραφιστικής - Τεχνολογίας Γραφικών Τεχνών
284;284;36;Διαχείρισης Πολιτισμικού Περιβάλλοντος & Νέων Τεχνολογιών
284;284;158;Πολιτισμικής Τεχνολογίας & Επικοινωνίας
285;285;251;Συντήρησης Αρχαιοτήτων & Έργων Τέχνης (Τ.Ε.Ι.)
285;285;173;Συντήρησης Πολιτισμικής Κληρονομιάς ΤΕ
286;286;173;Συντήρησης Πολιτισμικής Κληρονομιάς ΤΕ
286;286;251;Συντήρησης Αρχαιοτήτων & Έργων Τέχνης (Τ.Ε.Ι.)
287;287;175;Σχεδιασμού & Τεχνολογίας Ξύλου & Επίπλου ΤΕ
288;288;175;Σχεδιασμού & Τεχνολογίας Ξύλου & Επίπλου ΤΕ
289;289;11;Αρχιτεκτόνων Μηχανικών
289;289;67;Εσωτερικής Αρχιτεκτονικής, Διακόσμησης & Σχεδιασμού Αντικειμένων
290;290;11;Αρχιτεκτόνων Μηχανικών
290;290;67;Εσωτερικής Αρχιτεκτονικής, Διακόσμησης & Σχεδιασμού Αντικειμένων
291;291;239;Φυσικής
292;292;239;Φυσικής
293;293;239;Φυσικής
294;294;239;Φυσικής
295;295;239;Φυσικής
296;296;239;Φυσικής
296;296;70;Εφαρμοσμένων Μαθηματικών & Φυσικών Επιστημών
297;297;70;Εφαρμοσμένων Μαθηματικών & Φυσικών Επιστημών
297;297;97;Μαθηματικών
297;297;69;Εφαρμοσμένων Μαθηματικών
298;298;5;Αναλογιστικών και Χρηματοοικονομικών Μαθηματικών
298;298;97;Μαθηματικών
298;298;69;Εφαρμοσμένων Μαθηματικών
298;298;170;Στατιστικής
298;298;171;Στατιστικής & Ασφαλιστικής Επιστήμης
299;299;5;Αναλογιστικών και Χρηματοοικονομικών Μαθηματικών
299;299;170;Στατιστικής
299;299;69;Εφαρμοσμένων Μαθηματικών
299;299;97;Μαθηματικών
299;299;171;Στατιστικής & Ασφαλιστικής Επιστήμης
300;300;70;Εφαρμοσμένων Μαθηματικών & Φυσικών Επιστημών
300;300;97;Μαθηματικών
300;300;69;Εφαρμοσμένων Μαθηματικών
301;301;5;Αναλογιστικών και Χρηματοοικονομικών Μαθηματικών
301;301;97;Μαθηματικών
301;301;69;Εφαρμοσμένων Μαθηματικών
301;301;170;Στατιστικής
301;301;171;Στατιστικής & Ασφαλιστικής Επιστήμης
302;302;5;Αναλογιστικών και Χρηματοοικονομικών Μαθηματικών
302;302;97;Μαθηματικών
302;302;69;Εφαρμοσμένων Μαθηματικών
302;302;170;Στατιστικής
302;302;171;Στατιστικής & Ασφαλιστικής Επιστήμης
303;303;20;Βιοτεχνολογίας Αθήνας
304;304;11;Αρχιτεκτόνων Μηχανικών
304;304;67;Εσωτερικής Αρχιτεκτονικής, Διακόσμησης & Σχεδιασμού Αντικειμένων
305;305;11;Αρχιτεκτόνων Μηχανικών
306;306;11;Αρχιτεκτόνων Μηχανικών
307;307;11;Αρχιτεκτόνων Μηχανικών
307;307;67;Εσωτερικής Αρχιτεκτονικής, Διακόσμησης & Σχεδιασμού Αντικειμένων
308;308;50;Εκπαιδευτικών Πολιτικών Μηχανικών Α.Σ.ΠΑΙ.Τ.Ε.
308;308;217;Τ.Ε.Ι. Πολιτικών Μηχανικών ΤΕ
308;308;218;Τ.Ε.Ι. Πολιτικών Μηχανικών ΤΕ και Μηχανικών Τοπογραφίας & Γεωπληροφορικής
308;308;156;Πολιτικών Μηχανικών
308;308;115;Μηχανικών Τοπογραφίας & Γεωπληροφορικής ΤΕ
309;309;50;Εκπαιδευτικών Πολιτικών Μηχανικών Α.Σ.ΠΑΙ.Τ.Ε.
309;309;156;Πολιτικών Μηχανικών
309;309;217;Τ.Ε.Ι. Πολιτικών Μηχανικών ΤΕ
309;309;115;Μηχανικών Τοπογραφίας & Γεωπληροφορικής ΤΕ
309;309;218;Τ.Ε.Ι. Πολιτικών Μηχανικών ΤΕ και Μηχανικών Τοπογραφίας & Γεωπληροφορικής
310;310;50;Εκπαιδευτικών Πολιτικών Μηχανικών Α.Σ.ΠΑΙ.Τ.Ε.
310;310;156;Πολιτικών Μηχανικών
310;310;217;Τ.Ε.Ι. Πολιτικών Μηχανικών ΤΕ
310;310;115;Μηχανικών Τοπογραφίας & Γεωπληροφορικής ΤΕ
310;310;218;Τ.Ε.Ι. Πολιτικών Μηχανικών ΤΕ και Μηχανικών Τοπογραφίας & Γεωπληροφορικής
311;311;50;Εκπαιδευτικών Πολιτικών Μηχανικών Α.Σ.ΠΑΙ.Τ.Ε.
311;311;156;Πολιτικών Μηχανικών
311;311;217;Τ.Ε.Ι. Πολιτικών Μηχανικών ΤΕ
311;311;115;Μηχανικών Τοπογραφίας & Γεωπληροφορικής ΤΕ
311;311;218;Τ.Ε.Ι. Πολιτικών Μηχανικών ΤΕ και Μηχανικών Τοπογραφίας & Γεωπληροφορικής
312;312;50;Εκπαιδευτικών Πολιτικών Μηχανικών Α.Σ.ΠΑΙ.Τ.Ε.
312;312;156;Πολιτικών Μηχανικών
312;312;217;Τ.Ε.Ι. Πολιτικών Μηχανικών ΤΕ
312;312;115;Μηχανικών Τοπογραφίας & Γεωπληροφορικής ΤΕ
312;312;218;Τ.Ε.Ι. Πολιτικών Μηχανικών ΤΕ και Μηχανικών Τοπογραφίας & Γεωπληροφορικής
313;313;50;Εκπαιδευτικών Πολιτικών Μηχανικών Α.Σ.ΠΑΙ.Τ.Ε.
313;313;156;Πολιτικών Μηχανικών
313;313;217;Τ.Ε.Ι. Πολιτικών Μηχανικών ΤΕ
313;313;115;Μηχανικών Τοπογραφίας & Γεωπληροφορικής ΤΕ
313;313;218;Τ.Ε.Ι. Πολιτικών Μηχανικών ΤΕ και Μηχανικών Τοπογραφίας & Γεωπληροφορικής
314;314;50;Εκπαιδευτικών Πολιτικών Μηχανικών Α.Σ.ΠΑΙ.Τ.Ε.
314;314;156;Πολιτικών Μηχανικών
314;314;217;Τ.Ε.Ι. Πολιτικών Μηχανικών ΤΕ
314;314;115;Μηχανικών Τοπογραφίας & Γεωπληροφορικής ΤΕ
314;314;218;Τ.Ε.Ι. Πολιτικών Μηχανικών ΤΕ και Μηχανικών Τοπογραφίας & Γεωπληροφορικής
315;315;2;Αγρονόμων και Τοπογράφων Μηχανικών
315;315;150;Πολεοδομίας & Περιφερειακής Ανάπτυξης
315;315;157;Πολιτικών Μηχανικών ΤΕ και Μηχανικών Τοπογραφίας & Γεωπληροφορικής ΤΕ
315;315;115;Μηχανικών Τοπογραφίας & Γεωπληροφορικής ΤΕ
315;315;117;Μηχανικών Χωροταξίας & Ανάπτυξης
316;316;50;Εκπαιδευτικών Πολιτικών Μηχανικών Α.Σ.ΠΑΙ.Τ.Ε.
316;316;156;Πολιτικών Μηχανικών
316;316;217;Τ.Ε.Ι. Πολιτικών Μηχανικών ΤΕ
316;316;115;Μηχανικών Τοπογραφίας & Γεωπληροφορικής ΤΕ
316;316;218;Τ.Ε.Ι. Πολιτικών Μηχανικών ΤΕ και Μηχανικών Τοπογραφίας & Γεωπληροφορικής
317;317;2;Αγρονόμων και Τοπογράφων Μηχανικών
317;317;117;Μηχανικών Χωροταξίας & Ανάπτυξης
317;317;150;Πολεοδομίας & Περιφερειακής Ανάπτυξης
317;317;157;Πολιτικών Μηχανικών ΤΕ και Μηχανικών Τοπογραφίας & Γεωπληροφορικής ΤΕ
317;317;115;Μηχανικών Τοπογραφίας & Γεωπληροφορικής ΤΕ
318;318;2;Αγρονόμων και Τοπογράφων Μηχανικών
318;318;117;Μηχανικών Χωροταξίας & Ανάπτυξης
318;318;150;Πολεοδομίας & Περιφερειακής Ανάπτυξης
318;318;157;Πολιτικών Μηχανικών ΤΕ και Μηχανικών Τοπογραφίας & Γεωπληροφορικής ΤΕ
318;318;115;Μηχανικών Τοπογραφίας & Γεωπληροφορικής ΤΕ
319;319;3;Αγροτικής Ανάπτυξης
319;319;4;Αγροτικής Οικονομίας και Ανάπτυξης
319;319;8;Αξιοποίησης Φυσικών Πόρων και Γεωργικής Μηχανικής
319;319;26;Γεωπονίας
319;319;28;Γεωπονίας, Φυτικής Παραγωγής και Αγροτικού Περιβάλλοντος
319;319;60;Επιστήμης Φυτικής Παραγωγής
319;319;223;Τ.Ε.Ι. Τεχνολόγων Γεωπόνων
320;320;3;Αγροτικής Ανάπτυξης
320;320;4;Αγροτικής Οικονομίας και Ανάπτυξης
320;320;8;Αξιοποίησης Φυσικών Πόρων και Γεωργικής Μηχανικής
320;320;26;Γεωπονίας
320;320;28;Γεωπονίας, Φυτικής Παραγωγής και Αγροτικού Περιβάλλοντος
320;320;60;Επιστήμης Φυτικής Παραγωγής
320;320;223;Τ.Ε.Ι. Τεχνολόγων Γεωπόνων
321;321;3;Αγροτικής Ανάπτυξης
321;321;4;Αγροτικής Οικονομίας και Ανάπτυξης
321;321;8;Αξιοποίησης Φυσικών Πόρων και Γεωργικής Μηχανικής
321;321;26;Γεωπονίας
321;321;28;Γεωπονίας, Φυτικής Παραγωγής και Αγροτικού Περιβάλλοντος
321;321;60;Επιστήμης Φυτικής Παραγωγής
321;321;223;Τ.Ε.Ι. Τεχνολόγων Γεωπόνων
322;322;3;Αγροτικής Ανάπτυξης
322;322;4;Αγροτικής Οικονομίας και Ανάπτυξης
322;322;8;Αξιοποίησης Φυσικών Πόρων και Γεωργικής Μηχανικής
322;322;26;Γεωπονίας
322;322;28;Γεωπονίας, Φυτικής Παραγωγής και Αγροτικού Περιβάλλοντος
322;322;60;Επιστήμης Φυτικής Παραγωγής
322;322;223;Τ.Ε.Ι. Τεχνολόγων Γεωπόνων
323;323;3;Αγροτικής Ανάπτυξης
323;323;4;Αγροτικής Οικονομίας και Ανάπτυξης
323;323;8;Αξιοποίησης Φυσικών Πόρων και Γεωργικής Μηχανικής
323;323;26;Γεωπονίας
323;323;28;Γεωπονίας, Φυτικής Παραγωγής και Αγροτικού Περιβάλλοντος
323;323;60;Επιστήμης Φυτικής Παραγωγής
323;323;223;Τ.Ε.Ι. Τεχνολόγων Γεωπόνων
324;324;3;Αγροτικής Ανάπτυξης
324;324;4;Αγροτικής Οικονομίας και Ανάπτυξης
324;324;8;Αξιοποίησης Φυσικών Πόρων και Γεωργικής Μηχανικής
324;324;26;Γεωπονίας
324;324;28;Γεωπονίας, Φυτικής Παραγωγής και Αγροτικού Περιβάλλοντος
324;324;60;Επιστήμης Φυτικής Παραγωγής
324;324;223;Τ.Ε.Ι. Τεχνολόγων Γεωπόνων
325;325;54;Επιστήμης Ζωικής Παραγωγής & Υδατοκαλλιεργειών
326;326;3;Αγροτικής Ανάπτυξης
326;326;4;Αγροτικής Οικονομίας και Ανάπτυξης
326;326;8;Αξιοποίησης Φυσικών Πόρων και Γεωργικής Μηχανικής
326;326;26;Γεωπονίας
326;326;28;Γεωπονίας, Φυτικής Παραγωγής και Αγροτικού Περιβάλλοντος
326;326;60;Επιστήμης Φυτικής Παραγωγής
326;326;223;Τ.Ε.Ι. Τεχνολόγων Γεωπόνων
327;327;3;Αγροτικής Ανάπτυξης
327;327;4;Αγροτικής Οικονομίας και Ανάπτυξης
327;327;8;Αξιοποίησης Φυσικών Πόρων και Γεωργικής Μηχανικής
327;327;26;Γεωπονίας
327;327;28;Γεωπονίας, Φυτικής Παραγωγής και Αγροτικού Περιβάλλοντος
327;327;60;Επιστήμης Φυτικής Παραγωγής
327;327;223;Τ.Ε.Ι. Τεχνολόγων Γεωπόνων
328;328;3;Αγροτικής Ανάπτυξης
328;328;4;Αγροτικής Οικονομίας και Ανάπτυξης
328;328;8;Αξιοποίησης Φυσικών Πόρων και Γεωργικής Μηχανικής
328;328;26;Γεωπονίας
328;328;28;Γεωπονίας, Φυτικής Παραγωγής και Αγροτικού Περιβάλλοντος
328;328;60;Επιστήμης Φυτικής Παραγωγής
328;328;223;Τ.Ε.Ι. Τεχνολόγων Γεωπόνων
329;329;3;Αγροτικής Ανάπτυξης
329;329;4;Αγροτικής Οικονομίας και Ανάπτυξης
329;329;8;Αξιοποίησης Φυσικών Πόρων και Γεωργικής Μηχανικής
329;329;26;Γεωπονίας
329;329;28;Γεωπονίας, Φυτικής Παραγωγής και Αγροτικού Περιβάλλοντος
329;329;60;Επιστήμης Φυτικής Παραγωγής
329;329;223;Τ.Ε.Ι. Τεχνολόγων Γεωπόνων
330;330;57;Επιστήμης Τροφίμων & Διατροφής του Ανθρώπου
331;331;57;Επιστήμης Τροφίμων & Διατροφής του Ανθρώπου
332;332;57;Επιστήμης Τροφίμων & Διατροφής του Ανθρώπου
333;333;57;Επιστήμης Τροφίμων & Διατροφής του Ανθρώπου
334;334;57;Επιστήμης Τροφίμων & Διατροφής του Ανθρώπου
335;335;227;Τ.Ε.Ι.Οινολογίας & Τεχνολογίας Ποτών
336;336;227;Τ.Ε.Ι.Οινολογίας & Τεχνολογίας Ποτών
337;337;54;Επιστήμης Ζωικής Παραγωγής & Υδατοκαλλιεργειών
338;338;26;Γεωπονίας
338;338;54;Επιστήμης Ζωικής Παραγωγής & Υδατοκαλλιεργειών
339;339;229;ΤΕΙ Τεχνολογίας Αλιείας- Υδατοκαλλιεργειών
339;339;27;Γεωπονίας, Ιχθυολογίας και Υδάτινου Περιβάλλοντος
339;339;54;Επιστήμης Ζωικής Παραγωγής & Υδατοκαλλιεργειών
340;340;27;Γεωπονίας, Ιχθυολογίας και Υδάτινου Περιβάλλοντος
340;340;54;Επιστήμης Ζωικής Παραγωγής & Υδατοκαλλιεργειών
340;340;229;ΤΕΙ Τεχνολογίας Αλιείας- Υδατοκαλλιεργειών
341;341;27;Γεωπονίας, Ιχθυολογίας και Υδάτινου Περιβάλλοντος
341;341;54;Επιστήμης Ζωικής Παραγωγής & Υδατοκαλλιεργειών
341;341;229;ΤΕΙ Τεχνολογίας Αλιείας- Υδατοκαλλιεργειών
342;342;64;Επιστημών της Θάλασσας
343;343;64;Επιστημών της Θάλασσας
344;344;64;Επιστημών της Θάλασσας
